word,synonym,tag,weight
本を読む,本を読むが好き|本を読むに興味|本を読むを学びたい,文学,5
本を読む,,日本文学,3
本を読む,,英米文学,3
本を読む,,言葉,3
小説,小説が好き|小説に興味|小説を学びたい,日本文学,5
小説,,文学,3
小説,,表現,3
英語,英語が好き|英語に興味|英語を学びたい,英語,5
英語,,国際,3
英語,,異文化理解,3
歴史,歴史が好き|歴史に興味|歴史を学びたい,歴史,5
歴史,,史料,3
歴史,,文化,3
先生,先生が好き|先生に興味|先生を学びたい,教育,5
先生,,教職,3
先生,,子ども,3
子ども,子どもが好き|子どもに興味|子どもを学びたい,子ども,5
子ども,,教育,3
子ども,,福祉,3
心理,心理が好き|心理に興味|心理を学びたい,心理学,5
心理,,社会心理,3
心理,,人間関係,3
社会問題,社会問題が好き|社会問題に興味|社会問題を学びたい,社会課題,5
社会問題,,社会学,3
社会問題,,政策,3
法律,法律が好き|法律に興味|法律を学びたい,法律,5
法律,,公務員,3
法律,,企業法,3
公務員,公務員が好き|公務員に興味|公務員を学びたい,法律,5
公務員,,政策,3
公務員,,行政,3
お金,お金が好き|お金に興味|お金を学びたい,会計,5
お金,,金融,3
お金,,経済,3
経済,経済が好き|経済に興味|経済を学びたい,経済,5
経済,,金融,3
経済,,政策,3
会社,会社が好き|会社に興味|会社を学びたい,経営,5
会社,,企業,3
会社,,ビジネス,3
商品企画,商品企画が好き|商品企画に興味|商品企画を学びたい,マーケティング,5
商品企画,,広告,3
商品企画,,ブランド,3
SNS,SNSが好き|SNSに興味|SNSを学びたい,メディア,5
SNS,,マーケティング,3
SNS,,情報発信,3
国際,国際が好き|国際に興味|国際を学びたい,国際,5
国際,,英語,3
国際,,多文化,3
海外,海外が好き|海外に興味|海外を学びたい,国際,5
海外,,英語,3
海外,,グローバル,3
観光,観光が好き|観光に興味|観光を学びたい,観光,5
観光,,旅行,3
観光,,地域振興,3
ホテル,ホテルが好き|ホテルに興味|ホテルを学びたい,観光,5
ホテル,,ホスピタリティ,3
プログラミング,プログラミングが好き|プログラミングに興味|プログラミングを学びたい,情報,5
プログラミング,,プログラミング,3
プログラミング,,AI,3
AI,AIが好き|AIに興味|AIを学びたい,AI,5
AI,,データサイエンス,3
AI,,情報,3
ゲーム,ゲームが好き|ゲームに興味|ゲームを学びたい,情報,5
ゲーム,,メディア,3
ゲーム,,コンテンツ,3
デザイン,デザインが好き|デザインに興味|デザインを学びたい,デザイン,5
デザイン,,建築,3
デザイン,,UX,3
福祉,福祉が好き|福祉に興味|福祉を学びたい,福祉,5
福祉,,共生,3
福祉,,相談支援,3
介護,介護が好き|介護に興味|介護を学びたい,福祉,5
介護,,高齢者,3
介護,,健康,3
スポーツ,スポーツが好き|スポーツに興味|スポーツを学びたい,スポーツ,5
スポーツ,,健康,3
スポーツ,,運動,3
筋トレ,筋トレが好き|筋トレに興味|筋トレを学びたい,スポーツ,5
筋トレ,,運動,3
筋トレ,,健康,3
栄養,栄養が好き|栄養に興味|栄養を学びたい,栄養,5
栄養,,食,3
栄養,,健康,3
機械,機械が好き|機械に興味|機械を学びたい,機械,5
機械,,ものづくり,3
機械,,ロボット,3
ロボット,ロボットが好き|ロボットに興味|ロボットを学びたい,ロボット,5
ロボット,,機械,3
ロボット,,医療機器,3
電気,電気が好き|電気に興味|電気を学びたい,電気,5
電気,,電子,3
電気,,通信,3
宇宙,宇宙が好き|宇宙に興味|宇宙を学びたい,宇宙,5
宇宙,,電気,3
宇宙,,物理,3
化学,化学が好き|化学に興味|化学を学びたい,化学,5
化学,,実験,3
化学,,材料,3
建築,建築が好き|建築に興味|建築を学びたい,建築,5
建築,,設計,3
建築,,都市,3
まちづくり,まちづくりが好き|まちづくりに興味|まちづくりを学びたい,まちづくり,5
まちづくり,,地域,3
まちづくり,,都市,3
環境,環境が好き|環境に興味|環境を学びたい,環境,5
環境,,サステナビリティ,3
環境,,地球,3
地球温暖化,地球温暖化が好き|地球温暖化に興味|地球温暖化を学びたい,環境,5
地球温暖化,,気候変動,3
地球温暖化,,政策,3
動物,動物が好き|動物に興味|動物を学びたい,動物,5
動物,,生命科学,3
動物,,生態,3
DNA,DNAが好き|DNAに興味|DNAを学びたい,遺伝子,5
DNA,,生命科学,3
DNA,,細胞,3
医療,医療が好き|医療に興味|医療を学びたい,医療,5
医療,,健康,3
医療,,医療機器,3
植物,植物が好き|植物に興味|植物を学びたい,植物,5
植物,,農業,3
植物,,生物資源,3
発酵,発酵が好き|発酵に興味|発酵を学びたい,発酵,5
発酵,,微生物,3
発酵,,食品,3
食品,食品が好き|食品に興味|食品を学びたい,食,5
食品,,食品,3
食品,,栄養,3
データ,データが好き|データに興味|データを学びたい,データ,5
データ,,統計,3
データ,,データサイエンス,3
数学,数学が好き|数学に興味|数学を学びたい,データ,5
数学,,経済,3
数学,,情報,3
文章,文章が好き|文章に興味|文章を学びたい,表現,5
文章,,文学,3
文章,,メディア,3
人助け,人助けが好き|人助けに興味|人助けを学びたい,福祉,5
人助け,,教育,3
人助け,,医療,3
資格,資格が好き|資格に興味|資格を学びたい,資格,5
資格,,教職,3
資格,,管理栄養士,3
AIが気になる,,AI,2
IoT,IoTが気になる|IoTを学びたい|IoTに興味がある,IoT,4
IoTが気になる,,IoT,2
SNS,SNSが気になる|SNSを学びたい|SNSに興味がある,SNS,4
SNSが気になる,,SNS,2
UX,UXが気になる|UXを学びたい|UXに興味がある,UX,4
UXが気になる,,UX,2
まちづくりが気になる,,まちづくり,2
ものづくり,ものづくりが気になる|ものづくりを学びたい|ものづくりに興味がある,ものづくり,4
ものづくりが気になる,,ものづくり,2
アジア,アジアが気になる|アジアを学びたい|アジアに興味がある,アジア,4
アジアが気になる,,アジア,2
イノベーション,イノベーションが気になる|イノベーションを学びたい|イノベーションに興味がある,イノベーション,4
イノベーションが気になる,,イノベーション,2
インフラ,インフラが気になる|インフラを学びたい|インフラに興味がある,インフラ,4
インフラが気になる,,インフラ,2
エネルギー,エネルギーが気になる|エネルギーを学びたい|エネルギーに興味がある,エネルギー,4
エネルギーが気になる,,エネルギー,2
グローバル,グローバルが気になる|グローバルを学びたい|グローバルに興味がある,グローバル,4
グローバルが気になる,,グローバル,2
コミュニケーション,コミュニケーションが気になる|コミュニケーションを学びたい|コミュニケーションに興味がある,コミュニケーション,4
コミュニケーションが気になる,,コミュニケーション,2
コンテンツ,コンテンツが気になる|コンテンツを学びたい|コンテンツに興味がある,コンテンツ,4
コンテンツが気になる,,コンテンツ,2
コンプライアンス,コンプライアンスが気になる|コンプライアンスを学びたい|コンプライアンスに興味がある,コンプライアンス,4
コンプライアンスが気になる,,コンプライアンス,2
コーチング,コーチングが気になる|コーチングを学びたい|コーチングに興味がある,コーチング,4
コーチングが気になる,,コーチング,2
サステナビリティ,サステナビリティが気になる|サステナビリティを学びたい|サステナビリティに興味がある,サステナビリティ,4
サステナビリティが気になる,,サステナビリティ,2
システム,システムが気になる|システムを学びたい|システムに興味がある,システム,4
システムが気になる,,システム,2
ジェンダー,ジェンダーが気になる|ジェンダーを学びたい|ジェンダーに興味がある,ジェンダー,4
ジェンダーが気になる,,ジェンダー,2
ジャーナリズム,ジャーナリズムが気になる|ジャーナリズムを学びたい|ジャーナリズムに興味がある,ジャーナリズム,4
ジャーナリズムが気になる,,ジャーナリズム,2
スポーツが気になる,,スポーツ,2
スポーツ栄養,スポーツ栄養が気になる|スポーツ栄養を学びたい|スポーツ栄養に興味がある,スポーツ栄養,4
スポーツ栄養が気になる,,スポーツ栄養,2
セキュリティ,セキュリティが気になる|セキュリティを学びたい|セキュリティに興味がある,セキュリティ,4
セキュリティが気になる,,セキュリティ,2
デザインが気になる,,デザイン,2
データが気になる,,データ,2
データサイエンス,データサイエンスが気になる|データサイエンスを学びたい|データサイエンスに興味がある,データサイエンス,4
データサイエンスが気になる,,データサイエンス,2
データ分析,データ分析が気になる|データ分析を学びたい|データ分析に興味がある,データ分析,4
データ分析が気になる,,データ分析,2
トレーニング,トレーニングが気になる|トレーニングを学びたい|トレーニングに興味がある,トレーニング,4
トレーニングが気になる,,トレーニング,2
ネットワーク,ネットワークが気になる|ネットワークを学びたい|ネットワークに興味がある,ネットワーク,4
ネットワークが気になる,,ネットワーク,2
ビジネス,ビジネスが気になる|ビジネスを学びたい|ビジネスに興味がある,ビジネス,4
ビジネスが気になる,,ビジネス,2
ビジネス法,ビジネス法が気になる|ビジネス法を学びたい|ビジネス法に興味がある,ビジネス法,4
ビジネス法が気になる,,ビジネス法,2
ファイナンス,ファイナンスが気になる|ファイナンスを学びたい|ファイナンスに興味がある,ファイナンス,4
ファイナンスが気になる,,ファイナンス,2
フィールド,フィールドが気になる|フィールドを学びたい|フィールドに興味がある,フィールド,4
フィールドが気になる,,フィールド,2
フードシステム,フードシステムが気になる|フードシステムを学びたい|フードシステムに興味がある,フードシステム,4
フードシステムが気になる,,フードシステム,2
ブランド,ブランドが気になる|ブランドを学びたい|ブランドに興味がある,ブランド,4
ブランドが気になる,,ブランド,2
プログラミングが気になる,,プログラミング,2
ホスピタリティ,ホスピタリティが気になる|ホスピタリティを学びたい|ホスピタリティに興味がある,ホスピタリティ,4
ホスピタリティが気になる,,ホスピタリティ,2
ホテル,ホテルが気になる|ホテルを学びたい|ホテルに興味がある,ホテル,4
ホテルが気になる,,ホテル,2
マーケティング,マーケティングが気になる|マーケティングを学びたい|マーケティングに興味がある,マーケティング,4
マーケティングが気になる,,マーケティング,2
メディア,メディアが気になる|メディアを学びたい|メディアに興味がある,メディア,4
メディアが気になる,,メディア,2
ユニバーサルデザイン,ユニバーサルデザインが気になる|ユニバーサルデザインを学びたい|ユニバーサルデザインに興味がある,ユニバーサルデザイン,4
ユニバーサルデザインが気になる,,ユニバーサルデザイン,2
リハビリ,リハビリが気になる|リハビリを学びたい|リハビリに興味がある,リハビリ,4
リハビリが気になる,,リハビリ,2
リーダーシップ,リーダーシップが気になる|リーダーシップを学びたい|リーダーシップに興味がある,リーダーシップ,4
リーダーシップが気になる,,リーダーシップ,2
ロボットが気になる,,ロボット,2
予防,予防が気になる|予防を学びたい|予防に興味がある,予防,4
予防が気になる,,予防,2
交通,交通が気になる|交通を学びたい|交通に興味がある,交通,4
交通が気になる,,交通,2
人文,人文が気になる|人文を学びたい|人文に興味がある,人文,4
人文が気になる,,人文,2
人間,人間が気になる|人間を学びたい|人間に興味がある,人間,4
人間が気になる,,人間,2
人間発達,人間発達が気になる|人間発達を学びたい|人間発達に興味がある,人間発達,4
人間発達が気になる,,人間発達,2
人間関係,人間関係が気になる|人間関係を学びたい|人間関係に興味がある,人間関係,4
人間関係が気になる,,人間関係,2
企業,企業が気になる|企業を学びたい|企業に興味がある,企業,4
企業が気になる,,企業,2
企業分析,企業分析が気になる|企業分析を学びたい|企業分析に興味がある,企業分析,4
企業分析が気になる,,企業分析,2
企業法,企業法が気になる|企業法を学びたい|企業法に興味がある,企業法,4
企業法が気になる,,企業法,2
会計,会計が気になる|会計を学びたい|会計に興味がある,会計,4
会計が気になる,,会計,2
住宅,住宅が気になる|住宅を学びたい|住宅に興味がある,住宅,4
住宅が気になる,,住宅,2
住環境,住環境が気になる|住環境を学びたい|住環境に興味がある,住環境,4
住環境が気になる,,住環境,2
体育,体育が気になる|体育を学びたい|体育に興味がある,体育,4
体育が気になる,,体育,2
価値観,価値観が気になる|価値観を学びたい|価値観に興味がある,価値観,4
価値観が気になる,,価値観,2
保育,保育が気になる|保育を学びたい|保育に興味がある,保育,4
保育が気になる,,保育,2
倫理,倫理が気になる|倫理を学びたい|倫理に興味がある,倫理,4
倫理が気になる,,倫理,2
健康,健康が気になる|健康を学びたい|健康に興味がある,健康,4
健康が気になる,,健康,2
公共,公共が気になる|公共を学びたい|公共に興味がある,公共,4
公共が気になる,,公共,2
公務員,公務員が気になる|公務員を学びたい|公務員に興味がある,公務員,4
公務員が気になる,,公務員,2
共生,共生が気になる|共生を学びたい|共生に興味がある,共生,4
共生が気になる,,共生,2
分子,分子が気になる|分子を学びたい|分子に興味がある,分子,4
分子が気になる,,分子,2
分析,分析が気になる|分析を学びたい|分析に興味がある,分析,4
分析が気になる,,分析,2
刑法,刑法が気になる|刑法を学びたい|刑法に興味がある,刑法,4
刑法が気になる,,刑法,2
動物が気になる,,動物,2
化学が気になる,,化学,2
医療が気になる,,医療,2
医療機器,医療機器が気になる|医療機器を学びたい|医療機器に興味がある,医療機器,4
医療機器が気になる,,医療機器,2
半導体,半導体が気になる|半導体を学びたい|半導体に興味がある,半導体,4
半導体が気になる,,半導体,2
古典,古典が気になる|古典を学びたい|古典に興味がある,古典,4
古典が気になる,,古典,2
史料,史料が気になる|史料を学びたい|史料に興味がある,史料,4
史料が気になる,,史料,2
哲学,哲学が気になる|哲学を学びたい|哲学に興味がある,哲学,4
哲学が気になる,,哲学,2
商品企画,商品企画が気になる|商品企画を学びたい|商品企画に興味がある,商品企画,4
商品企画が気になる,,商品企画,2
問い,問いが気になる|問いを学びたい|問いに興味がある,問い,4
問いが気になる,,問い,2
国際が気になる,,国際,2
国際協力,国際協力が気になる|国際協力を学びたい|国際協力に興味がある,国際協力,4
国際協力が気になる,,国際協力,2
国際取引,国際取引が気になる|国際取引を学びたい|国際取引に興味がある,国際取引,4
国際取引が気になる,,国際取引,2
国際地域,国際地域が気になる|国際地域を学びたい|国際地域に興味がある,国際地域,4
国際地域が気になる,,国際地域,2
国際文化,国際文化が気になる|国際文化を学びたい|国際文化に興味がある,国際文化,4
国際文化が気になる,,国際文化,2
国際社会,国際社会が気になる|国際社会を学びたい|国際社会に興味がある,国際社会,4
国際社会が気になる,,国際社会,2
国際経済,国際経済が気になる|国際経済を学びたい|国際経済に興味がある,国際経済,4
国際経済が気になる,,国際経済,2
土木,土木が気になる|土木を学びたい|土木に興味がある,土木,4
土木が気になる,,土木,2
地域,地域が気になる|地域を学びたい|地域に興味がある,地域,4
地域が気になる,,地域,2
地域振興,地域振興が気になる|地域振興を学びたい|地域振興に興味がある,地域振興,4
地域振興が気になる,,地域振興,2
地球,地球が気になる|地球を学びたい|地球に興味がある,地球,4
地球が気になる,,地球,2
多文化,多文化が気になる|多文化を学びたい|多文化に興味がある,多文化,4
多文化が気になる,,多文化,2
子どもが気になる,,子ども,2
学び,学びが気になる|学びを学びたい|学びに興味がある,学び,4
学びが気になる,,学び,2
学校,学校が気になる|学校を学びたい|学校に興味がある,学校,4
学校が気になる,,学校,2
宇宙が気になる,,宇宙,2
安全,安全が気になる|安全を学びたい|安全に興味がある,安全,4
安全が気になる,,安全,2
宗教,宗教が気になる|宗教を学びたい|宗教に興味がある,宗教,4
宗教が気になる,,宗教,2
実践,実践が気になる|実践を学びたい|実践に興味がある,実践,4
実践が気になる,,実践,2
実験,実験が気になる|実験を学びたい|実験に興味がある,実験,4
実験が気になる,,実験,2
家庭,家庭が気になる|家庭を学びたい|家庭に興味がある,家庭,4
家庭が気になる,,家庭,2
家族,家族が気になる|家族を学びたい|家族に興味がある,家族,4
家族が気になる,,家族,2
小学校教員,小学校教員が気になる|小学校教員を学びたい|小学校教員に興味がある,小学校教員,4
小学校教員が気になる,,小学校教員,2
工学,工学が気になる|工学を学びたい|工学に興味がある,工学,4
工学が気になる,,工学,2
市場,市場が気になる|市場を学びたい|市場に興味がある,市場,4
市場が気になる,,市場,2
広告,広告が気になる|広告を学びたい|広告に興味がある,広告,4
広告が気になる,,広告,2
建築が気になる,,建築,2
微生物,微生物が気になる|微生物を学びたい|微生物に興味がある,微生物,4
微生物が気になる,,微生物,2
心理,心理が気になる|心理を学びたい|心理に興味がある,心理,4
心理が気になる,,心理,2
心理学,心理学が気になる|心理学を学びたい|心理学に興味がある,心理学,4
心理学が気になる,,心理学,2
思想,思想が気になる|思想を学びたい|思想に興味がある,思想,4
思想が気になる,,思想,2
情報,情報が気になる|情報を学びたい|情報に興味がある,情報,4
情報が気になる,,情報,2
情報発信,情報発信が気になる|情報発信を学びたい|情報発信に興味がある,情報発信,4
情報発信が気になる,,情報発信,2
感情,感情が気になる|感情を学びたい|感情に興味がある,感情,4
感情が気になる,,感情,2
憲法,憲法が気になる|憲法を学びたい|憲法に興味がある,憲法,4
憲法が気になる,,憲法,2
戦略,戦略が気になる|戦略を学びたい|戦略に興味がある,戦略,4
戦略が気になる,,戦略,2
投資,投資が気になる|投資を学びたい|投資に興味がある,投資,4
投資が気になる,,投資,2
授業,授業が気になる|授業を学びたい|授業に興味がある,授業,4
授業が気になる,,授業,2
支援,支援が気になる|支援を学びたい|支援に興味がある,支援,4
支援が気になる,,支援,2
政策,政策が気になる|政策を学びたい|政策に興味がある,政策,4
政策が気になる,,政策,2
教職,教職が気になる|教職を学びたい|教職に興味がある,教職,4
教職が気になる,,教職,2
教育,教育が気になる|教育を学びたい|教育に興味がある,教育,4
教育が気になる,,教育,2
文化,文化が気になる|文化を学びたい|文化に興味がある,文化,4
文化が気になる,,文化,2
文化財,文化財が気になる|文化財を学びたい|文化財に興味がある,文化財,4
文化財が気になる,,文化財,2
旅行,旅行が気になる|旅行を学びたい|旅行に興味がある,旅行,4
旅行が気になる,,旅行,2
日本史,日本史が気になる|日本史を学びたい|日本史に興味がある,日本史,4
日本史が気になる,,日本史,2
日本文化,日本文化が気になる|日本文化を学びたい|日本文化に興味がある,日本文化,4
日本文化が気になる,,日本文化,2
日本文学,日本文学が気になる|日本文学を学びたい|日本文学に興味がある,日本文学,4
日本文学が気になる,,日本文学,2
映像,映像が気になる|映像を学びたい|映像に興味がある,映像,4
映像が気になる,,映像,2
材料,材料が気になる|材料を学びたい|材料に興味がある,材料,4
材料が気になる,,材料,2
東洋史,東洋史が気になる|東洋史を学びたい|東洋史に興味がある,東洋史,4
東洋史が気になる,,東洋史,2
東洋思想,東洋思想が気になる|東洋思想を学びたい|東洋思想に興味がある,東洋思想,4
東洋思想が気になる,,東洋思想,2
栄養が気になる,,栄養,2
格差,格差が気になる|格差を学びたい|格差に興味がある,格差,4
格差が気になる,,格差,2
植物が気になる,,植物,2
構造,構造が気になる|構造を学びたい|構造に興味がある,構造,4
構造が気になる,,構造,2
機械が気になる,,機械,2
歴史が気になる,,歴史,2
民法,民法が気になる|民法を学びたい|民法に興味がある,民法,4
民法が気になる,,民法,2
気候変動,気候変動が気になる|気候変動を学びたい|気候変動に興味がある,気候変動,4
気候変動が気になる,,気候変動,2
法律が気になる,,法律,2
消費者心理,消費者心理が気になる|消費者心理を学びたい|消費者心理に興味がある,消費者心理,4
消費者心理が気になる,,消費者心理,2
物理,物理が気になる|物理を学びたい|物理に興味がある,物理,4
物理が気になる,,物理,2
現代文学,現代文学が気になる|現代文学を学びたい|現代文学に興味がある,現代文学,4
現代文学が気になる,,現代文学,2
環境が気になる,,環境,2
生命科学,生命科学が気になる|生命科学を学びたい|生命科学に興味がある,生命科学,4
生命科学が気になる,,生命科学,2
生態,生態が気になる|生態を学びたい|生態に興味がある,生態,4
生態が気になる,,生態,2
生涯学習,生涯学習が気になる|生涯学習を学びたい|生涯学習に興味がある,生涯学習,4
生涯学習が気になる,,生涯学習,2
生物資源,生物資源が気になる|生物資源を学びたい|生物資源に興味がある,生物資源,4
生物資源が気になる,,生物資源,2
異文化,異文化が気になる|異文化を学びたい|異文化に興味がある,異文化,4
異文化が気になる,,異文化,2
異文化理解,異文化理解が気になる|異文化理解を学びたい|異文化理解に興味がある,異文化理解,4
異文化理解が気になる,,異文化理解,2
発達,発達が気になる|発達を学びたい|発達に興味がある,発達,4
発達が気になる,,発達,2
発酵が気になる,,発酵,2
相談支援,相談支援が気になる|相談支援を学びたい|相談支援に興味がある,相談支援,4
相談支援が気になる,,相談支援,2
知的財産,知的財産が気になる|知的財産を学びたい|知的財産に興味がある,知的財産,4
知的財産が気になる,,知的財産,2
社会学,社会学が気になる|社会学を学びたい|社会学に興味がある,社会学,4
社会学が気になる,,社会学,2
社会心理,社会心理が気になる|社会心理を学びたい|社会心理に興味がある,社会心理,4
社会心理が気になる,,社会心理,2
社会理解,社会理解が気になる|社会理解を学びたい|社会理解に興味がある,社会理解,4
社会理解が気になる,,社会理解,2
社会福祉士,社会福祉士が気になる|社会福祉士を学びたい|社会福祉士に興味がある,社会福祉士,4
社会福祉士が気になる,,社会福祉士,2
社会科学,社会科学が気になる|社会科学を学びたい|社会科学に興味がある,社会科学,4
社会科学が気になる,,社会科学,2
社会課題,社会課題が気になる|社会課題を学びたい|社会課題に興味がある,社会課題,4
社会課題が気になる,,社会課題,2
福祉が気になる,,福祉,2
科学,科学が気になる|科学を学びたい|科学に興味がある,科学,4
科学が気になる,,科学,2
移民,移民が気になる|移民を学びたい|移民に興味がある,移民,4
移民が気になる,,移民,2
税務,税務が気になる|税務を学びたい|税務に興味がある,税務,4
税務が気になる,,税務,2
管理栄養士,管理栄養士が気になる|管理栄養士を学びたい|管理栄養士に興味がある,管理栄養士,4
管理栄養士が気になる,,管理栄養士,2
簿記,簿記が気になる|簿記を学びたい|簿記に興味がある,簿記,4
簿記が気になる,,簿記,2
細胞,細胞が気になる|細胞を学びたい|細胞に興味がある,細胞,4
細胞が気になる,,細胞,2
組織,組織が気になる|組織を学びたい|組織に興味がある,組織,4
組織が気になる,,組織,2
経営,経営が気になる|経営を学びたい|経営に興味がある,経営,4
経営が気になる,,経営,2
経済が気になる,,経済,2
統計,統計が気になる|統計を学びたい|統計に興味がある,統計,4
統計が気になる,,統計,2
編集,編集が気になる|編集を学びたい|編集に興味がある,編集,4
編集が気になる,,編集,2
翻訳,翻訳が気になる|翻訳を学びたい|翻訳に興味がある,翻訳,4
翻訳が気になる,,翻訳,2
自動車,自動車が気になる|自動車を学びたい|自動車に興味がある,自動車,4
自動車が気になる,,自動車,2
英米文学,英米文学が気になる|英米文学を学びたい|英米文学に興味がある,英米文学,4
英米文学が気になる,,英米文学,2
英語が気になる,,英語,2
薬品,薬品が気になる|薬品を学びたい|薬品に興味がある,薬品,4
薬品が気になる,,薬品,2
行動,行動が気になる|行動を学びたい|行動に興味がある,行動,4
行動が気になる,,行動,2
行政,行政が気になる|行政を学びたい|行政に興味がある,行政,4
行政が気になる,,行政,2
表現,表現が気になる|表現を学びたい|表現に興味がある,表現,4
表現が気になる,,表現,2
裁判,裁判が気になる|裁判を学びたい|裁判に興味がある,裁判,4
裁判が気になる,,裁判,2
西洋史,西洋史が気になる|西洋史を学びたい|西洋史に興味がある,西洋史,4
西洋史が気になる,,西洋史,2
観光が気になる,,観光,2
言葉,言葉が気になる|言葉を学びたい|言葉に興味がある,言葉,4
言葉が気になる,,言葉,2
言語,言語が気になる|言語を学びたい|言語に興味がある,言語,4
言語が気になる,,言語,2
言語文化,言語文化が気になる|言語文化を学びたい|言語文化に興味がある,言語文化,4
言語文化が気になる,,言語文化,2
設計,設計が気になる|設計を学びたい|設計に興味がある,設計,4
設計が気になる,,設計,2
語学,語学が気になる|語学を学びたい|語学に興味がある,語学,4
語学が気になる,,語学,2
課題解決,課題解決が気になる|課題解決を学びたい|課題解決に興味がある,課題解決,4
課題解決が気になる,,課題解決,2
調査,調査が気になる|調査を学びたい|調査に興味がある,調査,4
調査が気になる,,調査,2
論理,論理が気になる|論理を学びたい|論理に興味がある,論理,4
論理が気になる,,論理,2
財政,財政が気になる|財政を学びたい|財政に興味がある,財政,4
財政が気になる,,財政,2
貿易,貿易が気になる|貿易を学びたい|貿易に興味がある,貿易,4
貿易が気になる,,貿易,2
資格が気になる,,資格,2
資源,資源が気になる|資源を学びたい|資源に興味がある,資源,4
資源が気になる,,資源,2
起業,起業が気になる|起業を学びたい|起業に興味がある,起業,4
起業が気になる,,起業,2
農業,農業が気になる|農業を学びたい|農業に興味がある,農業,4
農業が気になる,,農業,2
通信,通信が気になる|通信を学びたい|通信に興味がある,通信,4
通信が気になる,,通信,2
運動,運動が気になる|運動を学びたい|運動に興味がある,運動,4
運動が気になる,,運動,2
遺伝子,遺伝子が気になる|遺伝子を学びたい|遺伝子に興味がある,遺伝子,4
遺伝子が気になる,,遺伝子,2
都市,都市が気になる|都市を学びたい|都市に興味がある,都市,4
都市が気になる,,都市,2
金融,金融が気になる|金融を学びたい|金融に興味がある,金融,4
金融が気になる,,金融,2
開発,開発が気になる|開発を学びたい|開発に興味がある,開発,4
開発が気になる,,開発,2
防災,防災が気になる|防災を学びたい|防災に興味がある,防災,4
防災が気になる,,防災,2
障害,障害が気になる|障害を学びたい|障害に興味がある,障害,4
障害が気になる,,障害,2
電子,電子が気になる|電子を学びたい|電子に興味がある,電子,4
電子が気になる,,電子,2
電気が気になる,,電気,2
食,食が気になる|食を学びたい|食に興味がある,食,4
食が気になる,,食,2
食事,食事が気になる|食事を学びたい|食事に興味がある,食事,4
食事が気になる,,食事,2
食品が気になる,,食品,2
高齢者,高齢者が気になる|高齢者を学びたい|高齢者に興味がある,高齢者,4
高齢者が気になる,,高齢者,2
文系だけど,,人文,4
文系だけど,,社会科学,3
文系だけど,,国際,2
理系だけど,,工学,4
理系だけど,,生命科学,3
理系だけど,,情報,2
数学が苦手,,人文,4
数学が苦手,,福祉,3
数学が苦手,,教育,2
英語が苦手,,社会科学,4
英語が苦手,,福祉,3
英語が苦手,,工学,2
就職が不安,,ビジネス,4
就職が不安,,資格,3
就職が不安,,情報,2
将来が決まっていない,,総合,4
将来が決まっていない,,社会課題,3
将来が決まっていない,,実践,2
大学選び,,進路,4
大学選び,,学び,3
大学選び,,適性,2
進路相談,,進路,4
進路相談,,学び,3
進路相談,,適性,2
偏差値より内容,,学び,4
偏差値より内容,,研究,3
偏差値より内容,,興味,2
社会の役に立つ,社会貢献|人の役に立つ|役立つ,社会課題,5
社会の役に立つ,社会貢献|人の役に立つ|役立つ,福祉,3
やりたいことが決まっていない,未定|迷っている|進路が決まらない,進路,5
動物園,動物園が好き|飼育員|動物の動き|キリン|ゾウ|水族館,動物園,5
骨格,骨|骨を見るのが好き|恐竜の骨|標本,骨格,5
進化,恐竜|化石|絶滅動物|生き物の歴史,進化,5
DNA,遺伝|遺伝子|親子で似る|ゲノム,DNA,5
生体信号,心拍|脳波|体のデータ|ウェアラブル,生体信号,5
バイオメカニクス,筋トレ|走る仕組み|体の動き|スポーツ科学,バイオメカニクス,5
対話,対話が好き|対話に興味|対話を学びたい|対話が気になる,対話,4
語学学,語学学が好き|語学学に興味|語学学を学びたい|語学学が気になる,語学学,4
また哲学,また哲学が好き|また哲学に興味|また哲学を学びたい|また哲学が気になる,また哲学,4
ジャンケレヴィッチ音楽論,ジャンケレヴィッチ音楽論が好き|ジャンケレヴィッチ音楽論に興味|ジャンケレヴィッチ音楽論を学びたい|ジャンケレヴィッチ音楽論が気になる,ジャンケレヴィッチ音楽論,4
卒業論,卒業論が好き|卒業論に興味|卒業論を学びたい|卒業論が気になる,卒業論,4
宗教・歴史哲学,宗教・歴史哲学が好き|宗教・歴史哲学に興味|宗教・歴史哲学を学びたい|宗教・歴史哲学が気になる,宗教・歴史哲学,4
広大な哲学,広大な哲学が好き|広大な哲学に興味|広大な哲学を学びたい|広大な哲学が気になる,広大な哲学,4
死生学,死生学が好き|死生学に興味|死生学を学びたい|死生学が気になる,死生学,4
自然環境哲学,自然環境哲学が好き|自然環境哲学に興味|自然環境哲学を学びたい|自然環境哲学が気になる,自然環境哲学,4
芸術哲学,芸術哲学が好き|芸術哲学に興味|芸術哲学を学びたい|芸術哲学が気になる,芸術哲学,4
読解・対話・討論,読解・対話・討論が好き|読解・対話・討論に興味|読解・対話・討論を学びたい|読解・対話・討論が気になる,読解・対話・討論,4
身体表現哲学,身体表現哲学が好き|身体表現哲学に興味|身体表現哲学を学びたい|身体表現哲学が気になる,身体表現哲学,4
仏教,仏教が好き|仏教に興味|仏教を学びたい|仏教が気になる,仏教,4
東洋思想文化学,東洋思想文化学が好き|東洋思想文化学に興味|東洋思想文化学を学びたい|東洋思想文化学が気になる,東洋思想文化学,4
また学,また学が好き|また学に興味|また学を学びたい|また学が気になる,また学,4
中国語・中国哲学文学,中国語・中国哲学文学が好き|中国語・中国哲学文学に興味|中国語・中国哲学文学を学びたい|中国語・中国哲学文学が気になる,中国語・中国哲学文学,4
事前学,事前学が好き|事前学に興味|事前学を学びたい|事前学が気になる,事前学,4
東洋学,東洋学が好き|東洋学に興味|東洋学を学びたい|東洋学が気になる,東洋学,4
理惑論,理惑論が好き|理惑論に興味|理惑論を学びたい|理惑論が気になる,理惑論,4
積極的な学,積極的な学が好き|積極的な学に興味|積極的な学を学びたい|積極的な学が気になる,積極的な学,4
共同,共同が好き|共同に興味|共同を学びたい|共同が気になる,共同,4
古典文学,古典文学が好き|古典文学に興味|古典文学を学びたい|古典文学が気になる,古典文学,4
日本文学文化学,日本文学文化学が好き|日本文学文化学に興味|日本文学文化学を学びたい|日本文学文化学が気になる,日本文学文化学,4
日本語学,日本語学が好き|日本語学に興味|日本語学を学びたい|日本語学が気になる,日本語学,4
比較文学,比較文学が好き|比較文学に興味|比較文学を学びたい|比較文学が気になる,比較文学,4
現代学,現代学が好き|現代学に興味|現代学を学びたい|現代学が気になる,現代学,4
近現代文学,近現代文学が好き|近現代文学に興味|近現代文学を学びたい|近現代文学が気になる,近現代文学,4
学習支援,学習支援が好き|学習支援に興味|学習支援を学びたい|学習支援が気になる,学習支援,4
グループ学,グループ学が好き|グループ学に興味|グループ学を学びたい|グループ学が気になる,グループ学,4
ジャーナリスト・キャスター・SBI大学,ジャーナリスト・キャスター・SBI大学が好き|ジャーナリスト・キャスター・SBI大学に興味|ジャーナリスト・キャスター・SBI大学を学びたい|ジャーナリスト・キャスター・SBI大学が気になる,ジャーナリスト・キャスター・SBI大学,4
トップリーダー連携教育支援,トップリーダー連携教育支援が好き|トップリーダー連携教育支援に興味|トップリーダー連携教育支援を学びたい|トップリーダー連携教育支援が気になる,トップリーダー連携教育支援,4
ヴェネツィア・カフォスカリ大学,ヴェネツィア・カフォスカリ大学が好き|ヴェネツィア・カフォスカリ大学に興味|ヴェネツィア・カフォスカリ大学を学びたい|ヴェネツィア・カフォスカリ大学が気になる,ヴェネツィア・カフォスカリ大学,4
地政学,地政学が好き|地政学に興味|地政学を学びたい|地政学が気になる,地政学,4
実践女子大学国文学,実践女子大学国文学が好き|実践女子大学国文学に興味|実践女子大学国文学を学びたい|実践女子大学国文学が気になる,実践女子大学国文学,4
産官学,産官学が好き|産官学に興味|産官学を学びたい|産官学が気になる,産官学,4
部グローバルプロジェクト講演会・国際学,部グローバルプロジェクト講演会・国際学が好き|部グローバルプロジェクト講演会・国際学に興味|部グローバルプロジェクト講演会・国際学を学びたい|部グローバルプロジェクト講演会・国際学が気になる,部グローバルプロジェクト講演会・国際学,4
閉鎖的な日本文化論,閉鎖的な日本文化論が好き|閉鎖的な日本文化論に興味|閉鎖的な日本文化論を学びたい|閉鎖的な日本文化論が気になる,閉鎖的な日本文化論,4
院大学学長・明治大学名誉教授・外交政策,院大学学長・明治大学名誉教授・外交政策が好き|院大学学長・明治大学名誉教授・外交政策に興味|院大学学長・明治大学名誉教授・外交政策を学びたい|院大学学長・明治大学名誉教授・外交政策が気になる,院大学学長・明治大学名誉教授・外交政策,4
米文学,米文学が好き|米文学に興味|米文学を学びたい|米文学が気になる,米文学,4
英語学,英語学が好き|英語学に興味|英語学を学びたい|英語学が気になる,英語学,4
英文学,英文学が好き|英文学に興味|英文学を学びたい|英文学が気になる,英文学,4
英語教育,英語教育が好き|英語教育に興味|英語教育を学びたい|英語教育が気になる,英語教育,4
基礎的な語学,基礎的な語学が好き|基礎的な語学に興味|基礎的な語学を学びたい|基礎的な語学が気になる,基礎的な語学,4
文学的・語学,文学的・語学が好き|文学的・語学に興味|文学的・語学を学びたい|文学的・語学が気になる,文学的・語学,4
ICT,ICTが好き|ICTに興味|ICTを学びたい|ICTが気になる,ICT,4
留学,留学が好き|留学に興味|留学を学びたい|留学が気になる,留学,4
幅広く学,幅広く学が好き|幅広く学に興味|幅広く学を学びたい|幅広く学が気になる,幅広く学,4
文学か語学,文学か語学が好き|文学か語学に興味|文学か語学を学びたい|文学か語学が気になる,文学か語学,4
海外留学,海外留学が好き|海外留学に興味|海外留学を学びたい|海外留学が気になる,海外留学,4
英文学・米文学・英語学,英文学・米文学・英語学が好き|英文学・米文学・英語学に興味|英文学・米文学・英語学を学びたい|英文学・米文学・英語学が気になる,英文学・米文学・英語学,4
英文法,英文法が好き|英文法に興味|英文法を学びたい|英文法が気になる,英文法,4
英米文学・文化・語学,英米文学・文化・語学が好き|英米文学・文化・語学に興味|英米文学・文化・語学を学びたい|英米文学・文化・語学が気になる,英米文学・文化・語学,4
英語音声学,英語音声学が好き|英語音声学に興味|英語音声学を学びたい|英語音声学が気になる,英語音声学,4
博物館,博物館が好き|博物館に興味|博物館を学びたい|博物館が気になる,博物館,4
歴史学,歴史学が好き|歴史学に興味|歴史学を学びたい|歴史学が気になる,歴史学,4
フィールドワーク,フィールドワークが好き|フィールドワークに興味|フィールドワークを学びたい|フィールドワークが気になる,フィールドワーク,4
日本史学,日本史学が好き|日本史学に興味|日本史学を学びたい|日本史学が気になる,日本史学,4
東洋史学,東洋史学が好き|東洋史学に興味|東洋史学を学びたい|東洋史学が気になる,東洋史学,4
西洋史学,西洋史学が好き|西洋史学に興味|西洋史学を学びたい|西洋史学が気になる,西洋史学,4
より多様な歴史学,より多様な歴史学が好き|より多様な歴史学に興味|より多様な歴史学を学びたい|より多様な歴史学が気になる,より多様な歴史学,4
博物館学,博物館学が好き|博物館学に興味|博物館学を学びたい|博物館学が気になる,博物館学,4
古文書学,古文書学が好き|古文書学に興味|古文書学を学びたい|古文書学が気になる,古文書学,4
歴史学研究法,歴史学研究法が好き|歴史学研究法に興味|歴史学研究法を学びたい|歴史学研究法が気になる,歴史学研究法,4
教育学,教育学が好き|教育学に興味|教育学を学びたい|教育学が気になる,教育学,4
特別支援,特別支援が好き|特別支援に興味|特別支援を学びたい|特別支援が気になる,特別支援,4
生涯学,生涯学が好き|生涯学に興味|生涯学を学びたい|生涯学が気になる,生涯学,4
特別支援学,特別支援学が好き|特別支援学に興味|特別支援学を学びたい|特別支援学が気になる,特別支援学,4
生涯学習概論,生涯学習概論が好き|生涯学習概論に興味|生涯学習概論を学びたい|生涯学習概論が気になる,生涯学習概論,4
高等学,高等学が好き|高等学に興味|高等学を学びたい|高等学が気になる,高等学,4
1年次春学,1年次春学が好き|1年次春学に興味|1年次春学を学びたい|1年次春学が気になる,1年次春学,4
家族心理学,家族心理学が好き|家族心理学に興味|家族心理学を学びたい|家族心理学が気になる,家族心理学,4
授業論,授業論が好き|授業論に興味|授業論を学びたい|授業論が気になる,授業論,4
教職論,教職論が好き|教職論に興味|教職論を学びたい|教職論が気になる,教職論,4
教育学卒論,教育学卒論が好き|教育学卒論に興味|教育学卒論を学びたい|教育学卒論が気になる,教育学卒論,4
教育学概論,教育学概論が好き|教育学概論に興味|教育学概論を学びたい|教育学概論が気になる,教育学概論,4
教育心理学概論,教育心理学概論が好き|教育心理学概論に興味|教育心理学概論を学びたい|教育心理学概論が気になる,教育心理学概論,4
教育課程論,教育課程論が好き|教育課程論に興味|教育課程論を学びたい|教育課程論が気になる,教育課程論,4
特別支援教育原論,特別支援教育原論が好き|特別支援教育原論に興味|特別支援教育原論を学びたい|特別支援教育原論が気になる,特別支援教育原論,4
特別支援教育基礎論,特別支援教育基礎論が好き|特別支援教育基礎論に興味|特別支援教育基礎論を学びたい|特別支援教育基礎論が気になる,特別支援教育基礎論,4
生涯発達心理学,生涯発達心理学が好き|生涯発達心理学に興味|生涯発達心理学を学びたい|生涯発達心理学が気になる,生涯発達心理学,4
知的障害教育総論,知的障害教育総論が好き|知的障害教育総論に興味|知的障害教育総論を学びたい|知的障害教育総論が気になる,知的障害教育総論,4
社会教育経営論,社会教育経営論が好き|社会教育経営論に興味|社会教育経営論を学びたい|社会教育経営論が気になる,社会教育経営論,4
論争問題学,論争問題学が好き|論争問題学に興味|論争問題学を学びたい|論争問題学が気になる,論争問題学,4
また海外留学,また海外留学が好き|また海外留学に興味|また海外留学を学びたい|また海外留学が気になる,また海外留学,4
インテリア,インテリアが好き|インテリアに興味|インテリアを学びたい|インテリアが気になる,インテリア,4
国際文化コミュニケーション学,国際文化コミュニケーション学が好き|国際文化コミュニケーション学に興味|国際文化コミュニケーション学を学びたい|国際文化コミュニケーション学が気になる,国際文化コミュニケーション学,4
外国人留学,外国人留学が好き|外国人留学に興味|外国人留学を学びたい|外国人留学が気になる,外国人留学,4
ゲーム,ゲームが好き|ゲームに興味|ゲームを学びたい|ゲームが気になる,ゲーム,4
2024年度学科優秀論,2024年度学科優秀論が好き|2024年度学科優秀論に興味|2024年度学科優秀論を学びたい|2024年度学科優秀論が気になる,2024年度学科優秀論,4
第二言語学,第二言語学が好き|第二言語学に興味|第二言語学を学びたい|第二言語学が気になる,第二言語学,4
経済学,経済学が好き|経済学に興味|経済学を学びたい|経済学が気になる,経済学,4
空間,空間が好き|空間に興味|空間を学びたい|空間が気になる,空間,4
広く深く学,広く深く学が好き|広く深く学に興味|広く深く学を学びたい|広く深く学が気になる,広く深く学,4
書く・話す・議論,書く・話す・議論が好き|書く・話す・議論に興味|書く・話す・議論を学びたい|書く・話す・議論が気になる,書く・話す・議論,4
経済政策,経済政策が好き|経済政策に興味|経済政策を学びたい|経済政策が気になる,経済政策,4
非対称情報,非対称情報が好き|非対称情報に興味|非対称情報を学びたい|非対称情報が気になる,非対称情報,4
国際経済学,国際経済学が好き|国際経済学に興味|国際経済学を学びたい|国際経済学が気になる,国際経済学,4
国際開発,国際開発が好き|国際開発に興味|国際開発を学びたい|国際開発が気になる,国際開発,4
森林,森林が好き|森林に興味|森林を学びたい|森林が気になる,森林,4
より発展的な学,より発展的な学が好き|より発展的な学に興味|より発展的な学を学びたい|より発展的な学が気になる,より発展的な学,4
中国・蘇州大学,中国・蘇州大学が好き|中国・蘇州大学に興味|中国・蘇州大学を学びたい|中国・蘇州大学が気になる,中国・蘇州大学,4
主体的な学,主体的な学が好き|主体的な学に興味|主体的な学を学びたい|主体的な学が気になる,主体的な学,4
国際的な経済理論,国際的な経済理論が好き|国際的な経済理論に興味|国際的な経済理論を学びたい|国際的な経済理論が気になる,国際的な経済理論,4
情報分析,情報分析が好き|情報分析に興味|情報分析を学びたい|情報分析が気になる,情報分析,4
短期語学,短期語学が好き|短期語学に興味|短期語学を学びたい|短期語学が気になる,短期語学,4
経済データ分析,経済データ分析が好き|経済データ分析に興味|経済データ分析を学びたい|経済データ分析が気になる,経済データ分析,4
自ら考え学,自ら考え学が好き|自ら考え学に興味|自ら考え学を学びたい|自ら考え学が気になる,自ら考え学,4
総合政策,総合政策が好き|総合政策に興味|総合政策を学びたい|総合政策が気になる,総合政策,4
総合政策学,総合政策学が好き|総合政策学に興味|総合政策学を学びたい|総合政策学が気になる,総合政策学,4
公共政策,公共政策が好き|公共政策に興味|公共政策を学びたい|公共政策が気になる,公共政策,4
具体的な政策,具体的な政策が好き|具体的な政策に興味|具体的な政策を学びたい|具体的な政策が気になる,具体的な政策,4
機械学習,機械学習が好き|機械学習に興味|機械学習を学びたい|機械学習が気になる,機械学習,4
社会福祉,社会福祉が好き|社会福祉に興味|社会福祉を学びたい|社会福祉が気になる,社会福祉,4
まず春学,まず春学が好き|まず春学に興味|まず春学を学びたい|まず春学が気になる,まず春学,4
マクロ経済学,マクロ経済学が好き|マクロ経済学に興味|マクロ経済学を学びたい|マクロ経済学が気になる,マクロ経済学,4
ミクロ経済学,ミクロ経済学が好き|ミクロ経済学に興味|ミクロ経済学を学びたい|ミクロ経済学が気になる,ミクロ経済学,4
経営学,経営学が好き|経営学に興味|経営学を学びたい|経営学が気になる,経営学,4
1年次秋学,1年次秋学が好き|1年次秋学に興味|1年次秋学を学びたい|1年次秋学が気になる,1年次秋学,4
さまざまな学,さまざまな学が好き|さまざまな学に興味|さまざまな学を学びたい|さまざまな学が気になる,さまざまな学,4
専門学,専門学が好き|専門学に興味|専門学を学びたい|専門学が気になる,専門学,4
戦略分析,戦略分析が好き|戦略分析に興味|戦略分析を学びたい|戦略分析が気になる,戦略分析,4
生きた経営学,生きた経営学が好き|生きた経営学に興味|生きた経営学を学びたい|生きた経営学が気になる,生きた経営学,4
経営情報・分析,経営情報・分析が好き|経営情報・分析に興味|経営情報・分析を学びたい|経営情報・分析が気になる,経営情報・分析,4
統計分析,統計分析が好き|統計分析に興味|統計分析を学びたい|統計分析が気になる,統計分析,4
1部経営学,1部経営学が好き|1部経営学に興味|1部経営学を学びたい|1部経営学が気になる,1部経営学,4
マーケティング学,マーケティング学が好き|マーケティング学に興味|マーケティング学を学びたい|マーケティング学が気になる,マーケティング学,4
マーケティングデータ分析,マーケティングデータ分析が好き|マーケティングデータ分析に興味|マーケティングデータ分析を学びたい|マーケティングデータ分析が気になる,マーケティングデータ分析,4
環境問題,環境問題が好き|環境問題に興味|環境問題を学びたい|環境問題が気になる,環境問題,4
形態,形態が好き|形態に興味|形態を学びたい|形態が気になる,形態,4
マーケティング理論,マーケティング理論が好き|マーケティング理論に興味|マーケティング理論を学びたい|マーケティング理論が気になる,マーケティング理論,4
優秀な卒業論,優秀な卒業論が好き|優秀な卒業論に興味|優秀な卒業論を学びたい|優秀な卒業論が気になる,優秀な卒業論,4
商品企画・開発,商品企画・開発が好き|商品企画・開発に興味|商品企画・開発を学びたい|商品企画・開発が気になる,商品企画・開発,4
多変量解析,多変量解析が好き|多変量解析に興味|多変量解析を学びたい|多変量解析が気になる,多変量解析,4
校友会学,校友会学が好き|校友会学に興味|校友会学を学びたい|校友会学が気になる,校友会学,4
活発な討論,活発な討論が好き|活発な討論に興味|活発な討論を学びたい|活発な討論が気になる,活発な討論,4
経営学部卒業論,経営学部卒業論が好き|経営学部卒業論に興味|経営学部卒業論を学びたい|経営学部卒業論が気になる,経営学部卒業論,4
重回帰分析,重回帰分析が好き|重回帰分析に興味|重回帰分析を学びたい|重回帰分析が気になる,重回帰分析,4
会計ファイナンス学,会計ファイナンス学が好き|会計ファイナンス学に興味|会計ファイナンス学を学びたい|会計ファイナンス学が気になる,会計ファイナンス学,4
専門的な学,専門的な学が好き|専門的な学に興味|専門的な学を学びたい|専門的な学が気になる,専門的な学,4
インターンシップ,インターンシップが好き|インターンシップに興味|インターンシップを学びたい|インターンシップが気になる,インターンシップ,4
オックスフォード大学,オックスフォード大学が好き|オックスフォード大学に興味|オックスフォード大学を学びたい|オックスフォード大学が気になる,オックスフォード大学,4
監査法,監査法が好き|監査法に興味|監査法を学びたい|監査法が気になる,監査法,4
部経営学,部経営学が好き|部経営学に興味|部経営学を学びたい|部経営学が気になる,部経営学,4
より専門的な学,より専門的な学が好き|より専門的な学に興味|より専門的な学を学びたい|より専門的な学が気になる,より専門的な学,4
アンダーセン監査法,アンダーセン監査法が好き|アンダーセン監査法に興味|アンダーセン監査法を学びたい|アンダーセン監査法が気になる,アンダーセン監査法,4
ファイナンス論,ファイナンス論が好き|ファイナンス論に興味|ファイナンス論を学びたい|ファイナンス論が気になる,ファイナンス論,4
会計基礎論,会計基礎論が好き|会計基礎論に興味|会計基礎論を学びたい|会計基礎論が気になる,会計基礎論,4
会計学総論,会計学総論が好き|会計学総論に興味|会計学総論を学びたい|会計学総論が気になる,会計学総論,4
原価計算論,原価計算論が好き|原価計算論に興味|原価計算論を学びたい|原価計算論が気になる,原価計算論,4
応用マクロ経済学,応用マクロ経済学が好き|応用マクロ経済学に興味|応用マクロ経済学を学びたい|応用マクロ経済学が気になる,応用マクロ経済学,4
税理士法,税理士法が好き|税理士法に興味|税理士法を学びたい|税理士法が気になる,税理士法,4
自ら学,自ら学が好き|自ら学に興味|自ら学を学びたい|自ら学が気になる,自ら学,4
財務会計論,財務会計論が好き|財務会計論に興味|財務会計論を学びたい|財務会計論が気になる,財務会計論,4
金融システム論,金融システム論が好き|金融システム論に興味|金融システム論を学びたい|金融システム論が気になる,金融システム論,4
金融論,金融論が好き|金融論に興味|金融論を学びたい|金融論が気になる,金融論,4
銀行法,銀行法が好き|銀行法に興味|銀行法を学びたい|銀行法が気になる,銀行法,4
高度な卒業論,高度な卒業論が好き|高度な卒業論に興味|高度な卒業論を学びたい|高度な卒業論が気になる,高度な卒業論,4
法律学,法律学が好き|法律学に興味|法律学を学びたい|法律学が気になる,法律学,4
政治・政策,政治・政策が好き|政治・政策に興味|政治・政策を学びたい|政治・政策が気になる,政治・政策,4
政治学,政治学が好き|政治学に興味|政治学を学びたい|政治学が気になる,政治学,4
ロンドン大学,ロンドン大学が好き|ロンドン大学に興味|ロンドン大学を学びたい|ロンドン大学が気になる,ロンドン大学,4
基本六法,基本六法が好き|基本六法に興味|基本六法を学びたい|基本六法が気になる,基本六法,4
無料法,無料法が好き|無料法に興味|無料法を学びたい|無料法が気になる,無料法,4
ドイツ・バイロイト大学,ドイツ・バイロイト大学が好き|ドイツ・バイロイト大学に興味|ドイツ・バイロイト大学を学びたい|ドイツ・バイロイト大学が気になる,ドイツ・バイロイト大学,4
憲法・民法・刑法,憲法・民法・刑法が好き|憲法・民法・刑法に興味|憲法・民法・刑法を学びたい|憲法・民法・刑法が気になる,憲法・民法・刑法,4
法律討論,法律討論が好き|法律討論に興味|法律討論を学びたい|法律討論が気になる,法律討論,4
EU法,EU法が好き|EU法に興味|EU法を学びたい|EU法が気になる,EU法,4
いわゆる法,いわゆる法が好き|いわゆる法に興味|いわゆる法を学びたい|いわゆる法が気になる,いわゆる法,4
イギリス・ロンドン大学,イギリス・ロンドン大学が好き|イギリス・ロンドン大学に興味|イギリス・ロンドン大学を学びたい|イギリス・ロンドン大学が気になる,イギリス・ロンドン大学,4
ドイツ法,ドイツ法が好き|ドイツ法に興味|ドイツ法を学びたい|ドイツ法が気になる,ドイツ法,4
フランス法,フランス法が好き|フランス法に興味|フランス法を学びたい|フランス法が気になる,フランス法,4
上級学,上級学が好き|上級学に興味|上級学を学びたい|上級学が気になる,上級学,4
効率よく学,効率よく学が好き|効率よく学に興味|効率よく学を学びたい|効率よく学が気になる,効率よく学,4
博物館・美術館見学,博物館・美術館見学が好き|博物館・美術館見学に興味|博物館・美術館見学を学びたい|博物館・美術館見学が気になる,博物館・美術館見学,4
国際政治学,国際政治学が好き|国際政治学に興味|国際政治学を学びたい|国際政治学が気になる,国際政治学,4
国際法,国際法が好き|国際法に興味|国際法を学びたい|国際法が気になる,国際法,4
国際経済法,国際経済法が好き|国際経済法に興味|国際経済法を学びたい|国際経済法が気になる,国際経済法,4
国際関係論,国際関係論が好き|国際関係論に興味|国際関係論を学びたい|国際関係論が気になる,国際関係論,4
地方自治論など法政策,地方自治論など法政策が好き|地方自治論など法政策に興味|地方自治論など法政策を学びたい|地方自治論など法政策が気になる,地方自治論など法政策,4
報告・討論,報告・討論が好き|報告・討論に興味|報告・討論を学びたい|報告・討論が気になる,報告・討論,4
宅地建物取引士など法,宅地建物取引士など法が好き|宅地建物取引士など法に興味|宅地建物取引士など法を学びたい|宅地建物取引士など法が気になる,宅地建物取引士など法,4
憲法・民法・刑法・商法・民事訴訟法,憲法・民法・刑法・商法・民事訴訟法が好き|憲法・民法・刑法・商法・民事訴訟法に興味|憲法・民法・刑法・商法・民事訴訟法を学びたい|憲法・民法・刑法・商法・民事訴訟法が気になる,憲法・民法・刑法・商法・民事訴訟法,4
企業法学,企業法学が好き|企業法学に興味|企業法学を学びたい|企業法学が気になる,企業法学,4
スポーツ法,スポーツ法が好き|スポーツ法に興味|スポーツ法を学びたい|スポーツ法が気になる,スポーツ法,4
グローバルビジネス法,グローバルビジネス法が好き|グローバルビジネス法に興味|グローバルビジネス法を学びたい|グローバルビジネス法が気になる,グローバルビジネス法,4
ビジネスキャリア法,ビジネスキャリア法が好き|ビジネスキャリア法に興味|ビジネスキャリア法を学びたい|ビジネスキャリア法が気になる,ビジネスキャリア法,4
会計学,会計学が好き|会計学に興味|会計学を学びたい|会計学が気になる,会計学,4
知的財産法,知的財産法が好き|知的財産法に興味|知的財産法を学びたい|知的財産法が気になる,知的財産法,4
スポーツ哲学,スポーツ哲学が好き|スポーツ哲学に興味|スポーツ哲学を学びたい|スポーツ哲学が気になる,スポーツ哲学,4
スポーツ文化論,スポーツ文化論が好き|スポーツ文化論に興味|スポーツ文化論を学びたい|スポーツ文化論が気になる,スポーツ文化論,4
会社法,会社法が好き|会社法に興味|会社法を学びたい|会社法が気になる,会社法,4
倒産法,倒産法が好き|倒産法に興味|倒産法を学びたい|倒産法が気になる,倒産法,4
労働法,労働法が好き|労働法に興味|労働法を学びたい|労働法が気になる,労働法,4
比較契約法,比較契約法が好き|比較契約法に興味|比較契約法を学びたい|比較契約法が気になる,比較契約法,4
比較消費者法,比較消費者法が好き|比較消費者法に興味|比較消費者法を学びたい|比較消費者法が気になる,比較消費者法,4
民事訴訟法,民事訴訟法が好き|民事訴訟法に興味|民事訴訟法を学びたい|民事訴訟法が気になる,民事訴訟法,4
経済法,経済法が好き|経済法に興味|経済法を学びたい|経済法が気になる,経済法,4
など経営学,など経営学が好き|など経営学に興味|など経営学を学びたい|など経営学が気になる,など経営学,4
社会調査,社会調査が好き|社会調査に興味|社会調査を学びたい|社会調査が気になる,社会調査,4
社会統計学,社会統計学が好き|社会統計学に興味|社会統計学を学びたい|社会統計学が気になる,社会統計学,4
バイオマス,バイオマスが好き|バイオマスに興味|バイオマスを学びたい|バイオマスが気になる,バイオマス,4
地理学,地理学が好き|地理学に興味|地理学を学びたい|地理学が気になる,地理学,4
理論社会学,理論社会学が好き|理論社会学に興味|理論社会学を学びたい|理論社会学が気になる,理論社会学,4
質的調査法,質的調査法が好き|質的調査法に興味|質的調査法を学びたい|質的調査法が気になる,質的調査法,4
高度な調査分析,高度な調査分析が好き|高度な調査分析に興味|高度な調査分析を学びたい|高度な調査分析が気になる,高度な調査分析,4
食品ロス,食品ロスが好き|食品ロスに興味|食品ロスを学びたい|食品ロスが気になる,食品ロス,4
子育て,子育てが好き|子育てに興味|子育てを学びたい|子育てが気になる,子育て,4
また社会学,また社会学が好き|また社会学に興味|また社会学を学びたい|また社会学が気になる,また社会学,4
より高度な調査分析,より高度な調査分析が好き|より高度な調査分析に興味|より高度な調査分析を学びたい|より高度な調査分析が気になる,より高度な調査分析,4
ウィークタイズ理論,ウィークタイズ理論が好き|ウィークタイズ理論に興味|ウィークタイズ理論を学びたい|ウィークタイズ理論が気になる,ウィークタイズ理論,4
労働社会学,労働社会学が好き|労働社会学に興味|労働社会学を学びたい|労働社会学が気になる,労働社会学,4
国際社会学,国際社会学が好き|国際社会学に興味|国際社会学を学びたい|国際社会学が気になる,国際社会学,4
地域社会学,地域社会学が好き|地域社会学に興味|地域社会学を学びたい|地域社会学が気になる,地域社会学,4
学術的な議論,学術的な議論が好き|学術的な議論に興味|学術的な議論を学びたい|学術的な議論が気になる,学術的な議論,4
国際社会論,国際社会論が好き|国際社会論に興味|国際社会論を学びたい|国際社会論が気になる,国際社会論,4
文化人類学,文化人類学が好き|文化人類学に興味|文化人類学を学びたい|文化人類学が気になる,文化人類学,4
宗教社会学,宗教社会学が好き|宗教社会学に興味|宗教社会学を学びたい|宗教社会学が気になる,宗教社会学,4
文化社会学,文化社会学が好き|文化社会学に興味|文化社会学を学びたい|文化社会学が気になる,文化社会学,4
社会学・文化人類学,社会学・文化人類学が好き|社会学・文化人類学に興味|社会学・文化人類学を学びたい|社会学・文化人類学が気になる,社会学・文化人類学,4
グローバルな学,グローバルな学が好き|グローバルな学に興味|グローバルな学を学びたい|グローバルな学が気になる,グローバルな学,4
ジェンダー文化論,ジェンダー文化論が好き|ジェンダー文化論に興味|ジェンダー文化論を学びたい|ジェンダー文化論が気になる,ジェンダー文化論,4
ダイバーシティ論,ダイバーシティ論が好き|ダイバーシティ論に興味|ダイバーシティ論を学びたい|ダイバーシティ論が気になる,ダイバーシティ論,4
ドイツ語圏留学,ドイツ語圏留学が好き|ドイツ語圏留学に興味|ドイツ語圏留学を学びたい|ドイツ語圏留学が気になる,ドイツ語圏留学,4
二言語同時学,二言語同時学が好き|二言語同時学に興味|二言語同時学を学びたい|二言語同時学が気になる,二言語同時学,4
在日中国人留学,在日中国人留学が好き|在日中国人留学に興味|在日中国人留学を学びたい|在日中国人留学が気になる,在日中国人留学,4
地域開発論,地域開発論が好き|地域開発論に興味|地域開発論を学びたい|地域開発論が気になる,地域開発論,4
小学校・フィリピン大学,小学校・フィリピン大学が好き|小学校・フィリピン大学に興味|小学校・フィリピン大学を学びたい|小学校・フィリピン大学が気になる,小学校・フィリピン大学,4
市民社会論,市民社会論が好き|市民社会論に興味|市民社会論を学びたい|市民社会論が気になる,市民社会論,4
持続的開発,持続的開発が好き|持続的開発に興味|持続的開発を学びたい|持続的開発が気になる,持続的開発,4
出版,出版が好き|出版に興味|出版を学びたい|出版が気になる,出版,4
メディアコミュニケーション学,メディアコミュニケーション学が好き|メディアコミュニケーション学に興味|メディアコミュニケーション学を学びたい|メディアコミュニケーション学が気になる,メディアコミュニケーション学,4
マスコミ文章作法,マスコミ文章作法が好き|マスコミ文章作法に興味|マスコミ文章作法を学びたい|マスコミ文章作法が気になる,マスコミ文章作法,4
アプリ,アプリが好き|アプリに興味|アプリを学びたい|アプリが気になる,アプリ,4
さまざまな就活支援,さまざまな就活支援が好き|さまざまな就活支援に興味|さまざまな就活支援を学びたい|さまざまな就活支援が気になる,さまざまな就活支援,4
さまざまな就職支援,さまざまな就職支援が好き|さまざまな就職支援に興味|さまざまな就職支援を学びたい|さまざまな就職支援が気になる,さまざまな就職支援,4
データベース論,データベース論が好き|データベース論に興味|データベース論を学びたい|データベース論が気になる,データベース論,4
メディア・キャリア論,メディア・キャリア論が好き|メディア・キャリア論に興味|メディア・キャリア論を学びたい|メディア・キャリア論が気になる,メディア・キャリア論,4
情報管理論,情報管理論が好き|情報管理論に興味|情報管理論を学びたい|情報管理論が気になる,情報管理論,4
関連情報,関連情報が好き|関連情報に興味|関連情報を学びたい|関連情報が気になる,関連情報,4
社会心理学,社会心理学が好き|社会心理学に興味|社会心理学を学びたい|社会心理学が気になる,社会心理学,4
検査,検査が好き|検査に興味|検査を学びたい|検査が気になる,検査,4
制御,制御が好き|制御に興味|制御を学びたい|制御が気になる,制御,4
学習自己評価システム,学習自己評価システムが好き|学習自己評価システムに興味|学習自己評価システムを学びたい|学習自己評価システムが気になる,学習自己評価システム,4
実践的な学,実践的な学が好き|実践的な学に興味|実践的な学を学びたい|実践的な学が気になる,実践的な学,4
グローバル・イノベーション学,グローバル・イノベーション学が好き|グローバル・イノベーション学に興味|グローバル・イノベーション学を学びたい|グローバル・イノベーション学が気になる,グローバル・イノベーション学,4
日本人学,日本人学が好き|日本人学に興味|日本人学を学びたい|日本人学が気になる,日本人学,4
なおグローバル・イノベーション学,なおグローバル・イノベーション学が好き|なおグローバル・イノベーション学に興味|なおグローバル・イノベーション学を学びたい|なおグローバル・イノベーション学が気になる,なおグローバル・イノベーション学,4
人材開発,人材開発が好き|人材開発に興味|人材開発を学びたい|人材開発が気になる,人材開発,4
国際学,国際学が好き|国際学に興味|国際学を学びたい|国際学が気になる,国際学,4
少人数・問題解決型学,少人数・問題解決型学が好き|少人数・問題解決型学に興味|少人数・問題解決型学を学びたい|少人数・問題解決型学が気になる,少人数・問題解決型学,4
情報学,情報学が好き|情報学に興味|情報学を学びたい|情報学が気になる,情報学,4
支障なく学,支障なく学が好き|支障なく学に興味|支障なく学を学びたい|支障なく学が気になる,支障なく学,4
長期海外留学,長期海外留学が好き|長期海外留学に興味|長期海外留学を学びたい|長期海外留学が気になる,長期海外留学,4
高い語学,高い語学が好き|高い語学に興味|高い語学を学びたい|高い語学が気になる,高い語学,4
国際地域学,国際地域学が好き|国際地域学に興味|国際地域学を学びたい|国際地域学が気になる,国際地域学,4
開発支援,開発支援が好き|開発支援に興味|開発支援を学びたい|開発支援が気になる,開発支援,4
また国際地域学,また国際地域学が好き|また国際地域学に興味|また国際地域学を学びたい|また国際地域学が気になる,また国際地域学,4
インターネット・情報,インターネット・情報が好き|インターネット・情報に興味|インターネット・情報を学びたい|インターネット・情報が気になる,インターネット・情報,4
カーティン大学,カーティン大学が好き|カーティン大学に興味|カーティン大学を学びたい|カーティン大学が気になる,カーティン大学,4
コミュニティ・地域政策,コミュニティ・地域政策が好き|コミュニティ・地域政策に興味|コミュニティ・地域政策を学びたい|コミュニティ・地域政策が気になる,コミュニティ・地域政策,4
コミュニティ開発論,コミュニティ開発論が好き|コミュニティ開発論に興味|コミュニティ開発論を学びたい|コミュニティ開発論が気になる,コミュニティ開発論,4
サンカルロス大学,サンカルロス大学が好き|サンカルロス大学に興味|サンカルロス大学を学びたい|サンカルロス大学が気になる,サンカルロス大学,4
トンプソン・リバーズ大学,トンプソン・リバーズ大学が好き|トンプソン・リバーズ大学に興味|トンプソン・リバーズ大学を学びたい|トンプソン・リバーズ大学が気になる,トンプソン・リバーズ大学,4
マラ工科大学,マラ工科大学が好き|マラ工科大学に興味|マラ工科大学を学びたい|マラ工科大学が気になる,マラ工科大学,4
マレーシアサインズ大学,マレーシアサインズ大学が好き|マレーシアサインズ大学に興味|マレーシアサインズ大学を学びたい|マレーシアサインズ大学が気になる,マレーシアサインズ大学,4
公共経営論,公共経営論が好き|公共経営論に興味|公共経営論を学びたい|公共経営論が気になる,公共経営論,4
国際協力論,国際協力論が好き|国際協力論に興味|国際協力論を学びたい|国際協力論が気になる,国際協力論,4
国際関係・開発政策,国際関係・開発政策が好き|国際関係・開発政策に興味|国際関係・開発政策を学びたい|国際関係・開発政策が気になる,国際関係・開発政策,4
地域デザイン,地域デザインが好き|地域デザインに興味|地域デザインを学びたい|地域デザインが気になる,地域デザイン,4
観光学,観光学が好き|観光学に興味|観光学を学びたい|観光学が気になる,観光学,4
食文化,食文化が好き|食文化に興味|食文化を学びたい|食文化が気になる,食文化,4
国際観光学,国際観光学が好き|国際観光学に興味|国際観光学を学びたい|国際観光学が気になる,国際観光学,4
航空,航空が好き|航空に興味|航空を学びたい|航空が気になる,航空,4
インバウンド事業論,インバウンド事業論が好き|インバウンド事業論に興味|インバウンド事業論を学びたい|インバウンド事業論が気になる,インバウンド事業論,4
エアラインサービス論,エアラインサービス論が好き|エアラインサービス論に興味|エアラインサービス論を学びたい|エアラインサービス論が気になる,エアラインサービス論,4
ホスピタリティ産業論,ホスピタリティ産業論が好き|ホスピタリティ産業論に興味|ホスピタリティ産業論を学びたい|ホスピタリティ産業論が気になる,ホスピタリティ産業論,4
マーケティング概論,マーケティング概論が好き|マーケティング概論に興味|マーケティング概論を学びたい|マーケティング概論が気になる,マーケティング概論,4
人的資源管理論,人的資源管理論が好き|人的資源管理論に興味|人的資源管理論を学びたい|人的資源管理論が気になる,人的資源管理論,4
外国語学,外国語学が好き|外国語学に興味|外国語学を学びたい|外国語学が気になる,外国語学,4
専門的学,専門的学が好き|専門的学に興味|専門的学を学びたい|専門的学が気になる,専門的学,4
組織論,組織論が好き|組織論に興味|組織論を学びたい|組織論が気になる,組織論,4
教室や,教室やが好き|教室やに興味|教室やを学びたい|教室やが気になる,教室や,4
情報連携学,情報連携学が好き|情報連携学に興味|情報連携学を学びたい|情報連携学が気になる,情報連携学,4
人工知能,人工知能が好き|人工知能に興味|人工知能を学びたい|人工知能が気になる,人工知能,4
オンライン教育システム,オンライン教育システムが好き|オンライン教育システムに興味|オンライン教育システムを学びたい|オンライン教育システムが気になる,オンライン教育システム,4
コンピュータ・システム,コンピュータ・システムが好き|コンピュータ・システムに興味|コンピュータ・システムを学びたい|コンピュータ・システムが気になる,コンピュータ・システム,4
研究開発,研究開発が好き|研究開発に興味|研究開発を学びたい|研究開発が気になる,研究開発,4
2年生より学,2年生より学が好き|2年生より学に興味|2年生より学を学びたい|2年生より学が気になる,2年生より学,4
オペレーティングシステム,オペレーティングシステムが好き|オペレーティングシステムに興味|オペレーティングシステムを学びたい|オペレーティングシステムが気になる,オペレーティングシステム,4
ソースコード管理システム,ソースコード管理システムが好き|ソースコード管理システムに興味|ソースコード管理システムを学びたい|ソースコード管理システムが気になる,ソースコード管理システム,4
機械学,機械学が好き|機械学に興味|機械学を学びたい|機械学が気になる,機械学,4
選択して学,選択して学が好き|選択して学に興味|選択して学を学びたい|選択して学が気になる,選択して学,4
介護,介護が好き|介護に興味|介護を学びたい|介護が気になる,介護,4
社会福祉学,社会福祉学が好き|社会福祉学に興味|社会福祉学を学びたい|社会福祉学が気になる,社会福祉学,4
刑事司法,刑事司法が好き|刑事司法に興味|刑事司法を学びたい|刑事司法が気になる,刑事司法,4
地域生活支援,地域生活支援が好き|地域生活支援に興味|地域生活支援を学びたい|地域生活支援が気になる,地域生活支援,4
実践的学,実践的学が好き|実践的学に興味|実践的学を学びたい|実践的学が気になる,実践的学,4
福祉社会デザイン学,福祉社会デザイン学が好き|福祉社会デザイン学に興味|福祉社会デザイン学を学びたい|福祉社会デザイン学が気になる,福祉社会デザイン学,4
韓国ソンギョル大学,韓国ソンギョル大学が好き|韓国ソンギョル大学に興味|韓国ソンギョル大学を学びたい|韓国ソンギョル大学が気になる,韓国ソンギョル大学,4
子育て支援,子育て支援が好き|子育て支援に興味|子育て支援を学びたい|子育て支援が気になる,子育て支援,4
また実践的学,また実践的学が好き|また実践的学に興味|また実践的学を学びたい|また実践的学が気になる,また実践的学,4
大切な学,大切な学が好き|大切な学に興味|大切な学を学びたい|大切な学が気になる,大切な学,4
特別な支援,特別な支援が好き|特別な支援に興味|特別な支援を学びたい|特別な支援が気になる,特別な支援,4
近隣小学,近隣小学が好き|近隣小学に興味|近隣小学を学びたい|近隣小学が気になる,近隣小学,4
所属する,所属するが好き|所属するに興味|所属するを学びたい|所属するが気になる,所属する,4
プロダクトデザイン,プロダクトデザインが好き|プロダクトデザインに興味|プロダクトデザインを学びたい|プロダクトデザインが気になる,プロダクトデザイン,4
環境デザイン,環境デザインが好き|環境デザインに興味|環境デザインを学びたい|環境デザインが気になる,環境デザイン,4
人間環境,人間環境が好き|人間環境に興味|人間環境を学びたい|人間環境が気になる,人間環境,4
生活環境デザイン,生活環境デザインが好き|生活環境デザインに興味|生活環境デザインを学びたい|生活環境デザインが気になる,生活環境デザイン,4
空間デザイン,空間デザインが好き|空間デザインに興味|空間デザインを学びたい|空間デザインが気になる,空間デザイン,4
人間環境デザイン学,人間環境デザイン学が好き|人間環境デザイン学に興味|人間環境デザイン学を学びたい|人間環境デザイン学が気になる,人間環境デザイン学,4
人間中心設計,人間中心設計が好き|人間中心設計に興味|人間中心設計を学びたい|人間中心設計が気になる,人間中心設計,4
人間工学,人間工学が好き|人間工学に興味|人間工学を学びたい|人間工学が気になる,人間工学,4
支えるデザイン,支えるデザインが好き|支えるデザインに興味|支えるデザインを学びたい|支えるデザインが気になる,支えるデザイン,4
都市計画,都市計画が好き|都市計画に興味|都市計画を学びたい|都市計画が気になる,都市計画,4
住まい,住まいが好き|住まいに興味|住まいを学びたい|住まいが気になる,住まい,4
さまざまな情報,さまざまな情報が好き|さまざまな情報に興味|さまざまな情報を学びたい|さまざまな情報が気になる,さまざまな情報,4
プロダクトデザイン・情報デザイン,プロダクトデザイン・情報デザインが好き|プロダクトデザイン・情報デザインに興味|プロダクトデザイン・情報デザインを学びたい|プロダクトデザイン・情報デザインが気になる,プロダクトデザイン・情報デザイン,4
住居学,住居学が好き|住居学に興味|住居学を学びたい|住居学が気になる,住居学,4
建築構法,建築構法が好き|建築構法に興味|建築構法を学びたい|建築構法が気になる,建築構法,4
健康スポーツ科学,健康スポーツ科学が好き|健康スポーツ科学に興味|健康スポーツ科学を学びたい|健康スポーツ科学が気になる,健康スポーツ科学,4
自然科学,自然科学が好き|自然科学に興味|自然科学を学びたい|自然科学が気になる,自然科学,4
スポーツ情報,スポーツ情報が好き|スポーツ情報に興味|スポーツ情報を学びたい|スポーツ情報が気になる,スポーツ情報,4
QOL,QOLが好き|QOLに興味|QOLを学びたい|QOLが気になる,QOL,4
生理学,生理学が好き|生理学に興味|生理学を学びたい|生理学が気になる,生理学,4
解剖,解剖が好き|解剖に興味|解剖を学びたい|解剖が気になる,解剖,4
生化学,生化学が好き|生化学に興味|生化学を学びたい|生化学が気になる,生化学,4
課題解決型学,課題解決型学が好き|課題解決型学に興味|課題解決型学を学びたい|課題解決型学が気になる,課題解決型学,4
都市型健康スポーツ系大学,都市型健康スポーツ系大学が好き|都市型健康スポーツ系大学に興味|都市型健康スポーツ系大学を学びたい|都市型健康スポーツ系大学が気になる,都市型健康スポーツ系大学,4
高度な学,高度な学が好き|高度な学に興味|高度な学を学びたい|高度な学が気になる,高度な学,4
栄養科学,栄養科学が好き|栄養科学に興味|栄養科学を学びたい|栄養科学が気になる,栄養科学,4
食環境,食環境が好き|食環境に興味|食環境を学びたい|食環境が気になる,食環境,4
栄養学,栄養学が好き|栄養学に興味|栄養学を学びたい|栄養学が気になる,栄養学,4
スポーツ栄養科学,スポーツ栄養科学が好き|スポーツ栄養科学に興味|スポーツ栄養科学を学びたい|スポーツ栄養科学が気になる,スポーツ栄養科学,4
ヘルスケア,ヘルスケアが好き|ヘルスケアに興味|ヘルスケアを学びたい|ヘルスケアが気になる,ヘルスケア,4
生活習慣病予防学,生活習慣病予防学が好き|生活習慣病予防学に興味|生活習慣病予防学を学びたい|生活習慣病予防学が気になる,生活習慣病予防学,4
食品機能,食品機能が好き|食品機能に興味|食品機能を学びたい|食品機能が気になる,食品機能,4
生物学,生物学が好き|生物学に興味|生物学を学びたい|生物学が気になる,生物学,4
免疫,免疫が好き|免疫に興味|免疫を学びたい|免疫が気になる,免疫,4
細菌,細菌が好き|細菌に興味|細菌を学びたい|細菌が気になる,細菌,4
またスポーツ栄養科学,またスポーツ栄養科学が好き|またスポーツ栄養科学に興味|またスポーツ栄養科学を学びたい|またスポーツ栄養科学が気になる,またスポーツ栄養科学,4
スポーツ栄養・生理学,スポーツ栄養・生理学が好き|スポーツ栄養・生理学に興味|スポーツ栄養・生理学を学びたい|スポーツ栄養・生理学が気になる,スポーツ栄養・生理学,4
スポーツ栄養学,スポーツ栄養学が好き|スポーツ栄養学に興味|スポーツ栄養学を学びたい|スポーツ栄養学が気になる,スポーツ栄養学,4
トレーニング科学,トレーニング科学が好き|トレーニング科学に興味|トレーニング科学を学びたい|トレーニング科学が気になる,トレーニング科学,4
健康科学,健康科学が好き|健康科学に興味|健康科学を学びたい|健康科学が気になる,健康科学,4
ロボット工学研究室,ロボット工学研究室が好き|ロボット工学研究室に興味|ロボット工学研究室を学びたい|ロボット工学研究室が気になる,ロボット工学研究室,4
制御工学研究室,制御工学研究室が好き|制御工学研究室に興味|制御工学研究室を学びたい|制御工学研究室が気になる,制御工学研究室,4
医用機械工学研究室,医用機械工学研究室が好き|医用機械工学研究室に興味|医用機械工学研究室を学びたい|医用機械工学研究室が気になる,医用機械工学研究室,4
熱流体工学研究室,熱流体工学研究室が好き|熱流体工学研究室に興味|熱流体工学研究室を学びたい|熱流体工学研究室が気になる,熱流体工学研究室,4
群知能ロボット研究室,群知能ロボット研究室が好き|群知能ロボット研究室に興味|群知能ロボット研究室を学びたい|群知能ロボット研究室が気になる,群知能ロボット研究室,4
設計工学研究室,設計工学研究室が好き|設計工学研究室に興味|設計工学研究室を学びたい|設計工学研究室が気になる,設計工学研究室,4
ゼータ,ゼータが好き|ゼータに興味|ゼータを学びたい|ゼータが気になる,ゼータ,4
ヒューマンロボットインタラクション,ヒューマンロボットインタラクションが好き|ヒューマンロボットインタラクションに興味|ヒューマンロボットインタラクションを学びたい|ヒューマンロボットインタラクションが気になる,ヒューマンロボットインタラクション,4
マイクロ・ナノ構造形成,マイクロ・ナノ構造形成が好き|マイクロ・ナノ構造形成に興味|マイクロ・ナノ構造形成を学びたい|マイクロ・ナノ構造形成が気になる,マイクロ・ナノ構造形成,4
ロボット工学,ロボット工学が好き|ロボット工学に興味|ロボット工学を学びたい|ロボット工学が気になる,ロボット工学,4
制御工学,制御工学が好き|制御工学に興味|制御工学を学びたい|制御工学が気になる,制御工学,4
医用機械工学,医用機械工学が好き|医用機械工学に興味|医用機械工学を学びたい|医用機械工学が気になる,医用機械工学,4
熱流体工学,熱流体工学が好き|熱流体工学に興味|熱流体工学を学びたい|熱流体工学が気になる,熱流体工学,4
生体機能デバイス,生体機能デバイスが好き|生体機能デバイスに興味|生体機能デバイスを学びたい|生体機能デバイスが気になる,生体機能デバイス,4
知能機械システム,知能機械システムが好き|知能機械システムに興味|知能機械システムを学びたい|知能機械システムが気になる,知能機械システム,4
群知能ロボット,群知能ロボットが好き|群知能ロボットに興味|群知能ロボットを学びたい|群知能ロボットが気になる,群知能ロボット,4
自動車・交通システム,自動車・交通システムが好き|自動車・交通システムに興味|自動車・交通システムを学びたい|自動車・交通システムが気になる,自動車・交通システム,4
航空宇宙システム,航空宇宙システムが好き|航空宇宙システムに興味|航空宇宙システムを学びたい|航空宇宙システムが気になる,航空宇宙システム,4
複雑流体,複雑流体が好き|複雑流体に興味|複雑流体を学びたい|複雑流体が気になる,複雑流体,4
設計工学,設計工学が好き|設計工学に興味|設計工学を学びたい|設計工学が気になる,設計工学,4
機械工学,機械工学が好き|機械工学に興味|機械工学を学びたい|機械工学が気になる,機械工学,4
シミュレーション,シミュレーションが好き|シミュレーションに興味|シミュレーションを学びたい|シミュレーションが気になる,シミュレーション,4
治療,治療が好き|治療に興味|治療を学びたい|治療が気になる,治療,4
診断,診断が好き|診断に興味|診断を学びたい|診断が気になる,診断,4
近接場光学,近接場光学が好き|近接場光学に興味|近接場光学を学びたい|近接場光学が気になる,近接場光学,4
回路,回路が好き|回路に興味|回路を学びたい|回路が気になる,回路,4
波動情報研究室,波動情報研究室が好き|波動情報研究室に興味|波動情報研究室を学びたい|波動情報研究室が気になる,波動情報研究室,4
物性理論研究室,物性理論研究室が好き|物性理論研究室に興味|物性理論研究室を学びたい|物性理論研究室が気になる,物性理論研究室,4
量子デバイス工学研究室,量子デバイス工学研究室が好き|量子デバイス工学研究室に興味|量子デバイス工学研究室を学びたい|量子デバイス工学研究室が気になる,量子デバイス工学研究室,4
高電圧・大電流工学研究室,高電圧・大電流工学研究室が好き|高電圧・大電流工学研究室に興味|高電圧・大電流工学研究室を学びたい|高電圧・大電流工学研究室が気になる,高電圧・大電流工学研究室,4
これから本,これから本が好き|これから本に興味|これから本を学びたい|これから本が気になる,これから本,4
といったことが好きな人には本,といったことが好きな人には本が好き|といったことが好きな人には本に興味|といったことが好きな人には本を学びたい|といったことが好きな人には本が気になる,といったことが好きな人には本,4
メディアデータサイエンス,メディアデータサイエンスが好き|メディアデータサイエンスに興味|メディアデータサイエンスを学びたい|メディアデータサイエンスが気になる,メディアデータサイエンス,4
ワイヤレス伝送,ワイヤレス伝送が好き|ワイヤレス伝送に興味|ワイヤレス伝送を学びたい|ワイヤレス伝送が気になる,ワイヤレス伝送,4
光エレクトロニクス,光エレクトロニクスが好き|光エレクトロニクスに興味|光エレクトロニクスを学びたい|光エレクトロニクスが気になる,光エレクトロニクス,4
同じ,同じが好き|同じに興味|同じを学びたい|同じが気になる,同じ,4
回路システム,回路システムが好き|回路システムに興味|回路システムを学びたい|回路システムが気になる,回路システム,4
機能創発ナノバイオエレクトロニクス,機能創発ナノバイオエレクトロニクスが好き|機能創発ナノバイオエレクトロニクスに興味|機能創発ナノバイオエレクトロニクスを学びたい|機能創発ナノバイオエレクトロニクスが気になる,機能創発ナノバイオエレクトロニクス,4
波動情報,波動情報が好き|波動情報に興味|波動情報を学びたい|波動情報が気になる,波動情報,4
物性理論,物性理論が好き|物性理論に興味|物性理論を学びたい|物性理論が気になる,物性理論,4
真空ナノエレクトロニクス,真空ナノエレクトロニクスが好き|真空ナノエレクトロニクスに興味|真空ナノエレクトロニクスを学びたい|真空ナノエレクトロニクスが気になる,真空ナノエレクトロニクス,4
量子デバイス工学,量子デバイス工学が好き|量子デバイス工学に興味|量子デバイス工学を学びたい|量子デバイス工学が気になる,量子デバイス工学,4
電力システム,電力システムが好き|電力システムに興味|電力システムを学びたい|電力システムが気になる,電力システム,4
電磁エネルギー変換デバイス,電磁エネルギー変換デバイスが好き|電磁エネルギー変換デバイスに興味|電磁エネルギー変換デバイスを学びたい|電磁エネルギー変換デバイスが気になる,電磁エネルギー変換デバイス,4
高信頼通信ネットワークシステム,高信頼通信ネットワークシステムが好き|高信頼通信ネットワークシステムに興味|高信頼通信ネットワークシステムを学びたい|高信頼通信ネットワークシステムが気になる,高信頼通信ネットワークシステム,4
高電圧・大電流工学,高電圧・大電流工学が好き|高電圧・大電流工学に興味|高電圧・大電流工学を学びたい|高電圧・大電流工学が気になる,高電圧・大電流工学,4
電気電子情報,電気電子情報が好き|電気電子情報に興味|電気電子情報を学びたい|電気電子情報が気になる,電気電子情報,4
再生可能エネルギー,再生可能エネルギーが好き|再生可能エネルギーに興味|再生可能エネルギーを学びたい|再生可能エネルギーが気になる,再生可能エネルギー,4
大気環境科学研究室,大気環境科学研究室が好き|大気環境科学研究室に興味|大気環境科学研究室を学びたい|大気環境科学研究室が気になる,大気環境科学研究室,4
有機元素化学研究室,有機元素化学研究室が好き|有機元素化学研究室に興味|有機元素化学研究室を学びたい|有機元素化学研究室が気になる,有機元素化学研究室,4
有機合成化学研究室,有機合成化学研究室が好き|有機合成化学研究室に興味|有機合成化学研究室を学びたい|有機合成化学研究室が気になる,有機合成化学研究室,4
機能有機化学研究室,機能有機化学研究室が好き|機能有機化学研究室に興味|機能有機化学研究室を学びたい|機能有機化学研究室が気になる,機能有機化学研究室,4
理論・計算化学研究室,理論・計算化学研究室が好き|理論・計算化学研究室に興味|理論・計算化学研究室を学びたい|理論・計算化学研究室が気になる,理論・計算化学研究室,4
生命工学研究室,生命工学研究室が好き|生命工学研究室に興味|生命工学研究室を学びたい|生命工学研究室が気になる,生命工学研究室,4
結晶工学研究室,結晶工学研究室が好き|結晶工学研究室に興味|結晶工学研究室を学びたい|結晶工学研究室が気になる,結晶工学研究室,4
表面化学研究室,表面化学研究室が好き|表面化学研究室に興味|表面化学研究室を学びたい|表面化学研究室が気になる,表面化学研究室,4
超分子化学研究室,超分子化学研究室が好き|超分子化学研究室に興味|超分子化学研究室を学びたい|超分子化学研究室が気になる,超分子化学研究室,4
食品生物化学研究室,食品生物化学研究室が好き|食品生物化学研究室に興味|食品生物化学研究室を学びたい|食品生物化学研究室が気になる,食品生物化学研究室,4
ダイヤモンド,ダイヤモンドが好き|ダイヤモンドに興味|ダイヤモンドを学びたい|ダイヤモンドが気になる,ダイヤモンド,4
健康的な,健康的なが好き|健康的なに興味|健康的なを学びたい|健康的なが気になる,健康的な,4
分子分光,分子分光が好き|分子分光に興味|分子分光を学びたい|分子分光が気になる,分子分光,4
化学計測,化学計測が好き|化学計測に興味|化学計測を学びたい|化学計測が気になる,化学計測,4
大気環境科学,大気環境科学が好き|大気環境科学に興味|大気環境科学を学びたい|大気環境科学が気になる,大気環境科学,4
有機元素化学,有機元素化学が好き|有機元素化学に興味|有機元素化学を学びたい|有機元素化学が気になる,有機元素化学,4
有機合成化学,有機合成化学が好き|有機合成化学に興味|有機合成化学を学びたい|有機合成化学が気になる,有機合成化学,4
機能有機化学,機能有機化学が好き|機能有機化学に興味|機能有機化学を学びたい|機能有機化学が気になる,機能有機化学,4
理論・計算化学,理論・計算化学が好き|理論・計算化学に興味|理論・計算化学を学びたい|理論・計算化学が気になる,理論・計算化学,4
生命工学,生命工学が好き|生命工学に興味|生命工学を学びたい|生命工学が気になる,生命工学,4
結晶工学,結晶工学が好き|結晶工学に興味|結晶工学を学びたい|結晶工学が気になる,結晶工学,4
表面化学,表面化学が好き|表面化学に興味|表面化学を学びたい|表面化学が気になる,表面化学,4
超分子化学,超分子化学が好き|超分子化学に興味|超分子化学を学びたい|超分子化学が気になる,超分子化学,4
食品生物化学,食品生物化学が好き|食品生物化学に興味|食品生物化学を学びたい|食品生物化学が気になる,食品生物化学,4
応用化学,応用化学が好き|応用化学に興味|応用化学を学びたい|応用化学が気になる,応用化学,4
有機化学,有機化学が好き|有機化学に興味|有機化学を学びたい|有機化学が気になる,有機化学,4
土壌,土壌が好き|土壌に興味|土壌を学びたい|土壌が気になる,土壌,4
酵素,酵素が好き|酵素に興味|酵素を学びたい|酵素が気になる,酵素,4
地盤工学研究室,地盤工学研究室が好き|地盤工学研究室に興味|地盤工学研究室を学びたい|地盤工学研究室が気になる,地盤工学研究室,4
景観工学・ランドスケープデザイン研究室,景観工学・ランドスケープデザイン研究室が好き|景観工学・ランドスケープデザイン研究室に興味|景観工学・ランドスケープデザイン研究室を学びたい|景観工学・ランドスケープデザイン研究室が気になる,景観工学・ランドスケープデザイン研究室,4
水工学研究室,水工学研究室が好き|水工学研究室に興味|水工学研究室を学びたい|水工学研究室が気になる,水工学研究室,4
空間情報研究室,空間情報研究室が好き|空間情報研究室に興味|空間情報研究室を学びたい|空間情報研究室が気になる,空間情報研究室,4
サステイナブル材料・施工,サステイナブル材料・施工が好き|サステイナブル材料・施工に興味|サステイナブル材料・施工を学びたい|サステイナブル材料・施工が気になる,サステイナブル材料・施工,4
国内・海外旅行することを趣味とする学生は本,国内・海外旅行することを趣味とする学生は本が好き|国内・海外旅行することを趣味とする学生は本に興味|国内・海外旅行することを趣味とする学生は本を学びたい|国内・海外旅行することを趣味とする学生は本が気になる,国内・海外旅行することを趣味とする学生は本,4
地域防災マネジメント,地域防災マネジメントが好き|地域防災マネジメントに興味|地域防災マネジメントを学びたい|地域防災マネジメントが気になる,地域防災マネジメント,4
地盤工学,地盤工学が好き|地盤工学に興味|地盤工学を学びたい|地盤工学が気になる,地盤工学,4
景観工学・ランドスケープデザイン,景観工学・ランドスケープデザインが好き|景観工学・ランドスケープデザインに興味|景観工学・ランドスケープデザインを学びたい|景観工学・ランドスケープデザインが気になる,景観工学・ランドスケープデザイン,4
水工学,水工学が好き|水工学に興味|水工学を学びたい|水工学が気になる,水工学,4
社会システムマネジメント,社会システムマネジメントが好き|社会システムマネジメントに興味|社会システムマネジメントを学びたい|社会システムマネジメントが気になる,社会システムマネジメント,4
空間情報,空間情報が好き|空間情報に興味|空間情報を学びたい|空間情報が気になる,空間情報,4
防災システム,防災システムが好き|防災システムに興味|防災システムを学びたい|防災システムが気になる,防災システム,4
都市環境デザイン,都市環境デザインが好き|都市環境デザインに興味|都市環境デザインを学びたい|都市環境デザインが気になる,都市環境デザイン,4
都市システム,都市システムが好き|都市システムに興味|都市システムを学びたい|都市システムが気になる,都市システム,4
都市環境デザイン学,都市環境デザイン学が好き|都市環境デザイン学に興味|都市環境デザイン学を学びたい|都市環境デザイン学が気になる,都市環境デザイン学,4
健全な都市システム,健全な都市システムが好き|健全な都市システムに興味|健全な都市システムを学びたい|健全な都市システムが気になる,健全な都市システム,4
社会システム,社会システムが好き|社会システムに興味|社会システムを学びたい|社会システムが気になる,社会システム,4
住環境研究室,住環境研究室が好き|住環境研究室に興味|住環境研究室を学びたい|住環境研究室が気になる,住環境研究室,4
地域デザイン研究室,地域デザイン研究室が好き|地域デザイン研究室に興味|地域デザイン研究室を学びたい|地域デザイン研究室が気になる,地域デザイン研究室,4
建築デザイン研究室,建築デザイン研究室が好き|建築デザイン研究室に興味|建築デザイン研究室を学びたい|建築デザイン研究室が気になる,建築デザイン研究室,4
建築・都市空間デザイン研究室,建築・都市空間デザイン研究室が好き|建築・都市空間デザイン研究室に興味|建築・都市空間デザイン研究室を学びたい|建築・都市空間デザイン研究室が気になる,建築・都市空間デザイン研究室,4
建築構造・材料研究室,建築構造・材料研究室が好き|建築構造・材料研究室に興味|建築構造・材料研究室を学びたい|建築構造・材料研究室が気になる,建築構造・材料研究室,4
建築環境デザイン研究室,建築環境デザイン研究室が好き|建築環境デザイン研究室に興味|建築環境デザイン研究室を学びたい|建築環境デザイン研究室が気になる,建築環境デザイン研究室,4
建築設計研究室,建築設計研究室が好き|建築設計研究室に興味|建築設計研究室を学びたい|建築設計研究室が気になる,建築設計研究室,4
木造建築・構造工学研究室,木造建築・構造工学研究室が好き|木造建築・構造工学研究室に興味|木造建築・構造工学研究室を学びたい|木造建築・構造工学研究室が気になる,木造建築・構造工学研究室,4
医療福祉施設,医療福祉施設が好き|医療福祉施設に興味|医療福祉施設を学びたい|医療福祉施設が気になる,医療福祉施設,4
建築デザイン,建築デザインが好き|建築デザインに興味|建築デザインを学びたい|建築デザインが気になる,建築デザイン,4
建築・都市空間デザイン,建築・都市空間デザインが好き|建築・都市空間デザインに興味|建築・都市空間デザインを学びたい|建築・都市空間デザインが気になる,建築・都市空間デザイン,4
建築構造,建築構造が好き|建築構造に興味|建築構造を学びたい|建築構造が気になる,建築構造,4
建築構造・材料,建築構造・材料が好き|建築構造・材料に興味|建築構造・材料を学びたい|建築構造・材料が気になる,建築構造・材料,4
建築環境デザイン,建築環境デザインが好き|建築環境デザインに興味|建築環境デザインを学びたい|建築環境デザインが気になる,建築環境デザイン,4
建築生産,建築生産が好き|建築生産に興味|建築生産を学びたい|建築生産が気になる,建築生産,4
建築社会システム,建築社会システムが好き|建築社会システムに興味|建築社会システムを学びたい|建築社会システムが気になる,建築社会システム,4
建築設計,建築設計が好き|建築設計に興味|建築設計を学びたい|建築設計が気になる,建築設計,4
木造建築・構造工学,木造建築・構造工学が好き|木造建築・構造工学に興味|木造建築・構造工学を学びたい|木造建築・構造工学が気になる,木造建築・構造工学,4
高岩,高岩が好き|高岩に興味|高岩を学びたい|高岩が気になる,高岩,4
建築学,建築学が好き|建築学に興味|建築学を学びたい|建築学が気になる,建築学,4
卒業設計,卒業設計が好き|卒業設計に興味|卒業設計を学びたい|卒業設計が気になる,卒業設計,4
メディア情報研究室,メディア情報研究室が好き|メディア情報研究室に興味|メディア情報研究室を学びたい|メディア情報研究室が気になる,メディア情報研究室,4
3年次以降は所属する,3年次以降は所属するが好き|3年次以降は所属するに興味|3年次以降は所属するを学びたい|3年次以降は所属するが気になる,3年次以降は所属する,4
スーパーコンピューティング,スーパーコンピューティングが好き|スーパーコンピューティングに興味|スーパーコンピューティングを学びたい|スーパーコンピューティングが気になる,スーパーコンピューティング,4
メディア情報,メディア情報が好き|メディア情報に興味|メディア情報を学びたい|メディア情報が気になる,メディア情報,4
各領域,各領域が好き|各領域に興味|各領域を学びたい|各領域が気になる,各領域,4
年次からは各,年次からは各が好き|年次からは各に興味|年次からは各を学びたい|年次からは各が気になる,年次からは各,4
文化システム,文化システムが好き|文化システムに興味|文化システムを学びたい|文化システムが気になる,文化システム,4
総合情報学,総合情報学が好き|総合情報学に興味|総合情報学を学びたい|総合情報学が気になる,総合情報学,4
アプリ開発,アプリ開発が好き|アプリ開発に興味|アプリ開発を学びたい|アプリ開発が気になる,アプリ開発,4
ていねいな支援,ていねいな支援が好き|ていねいな支援に興味|ていねいな支援を学びたい|ていねいな支援が気になる,ていねいな支援,4
クリエイティブな学,クリエイティブな学が好き|クリエイティブな学に興味|クリエイティブな学を学びたい|クリエイティブな学が気になる,クリエイティブな学,4
グラフィックデザイン,グラフィックデザインが好き|グラフィックデザインに興味|グラフィックデザインを学びたい|グラフィックデザインが気になる,グラフィックデザイン,4
数値流体力学研究室,数値流体力学研究室が好き|数値流体力学研究室に興味|数値流体力学研究室を学びたい|数値流体力学研究室が気になる,数値流体力学研究室,4
産業・組織心理学研究室,産業・組織心理学研究室が好き|産業・組織心理学研究室に興味|産業・組織心理学研究室を学びたい|産業・組織心理学研究室が気になる,産業・組織心理学研究室,4
AI応用と計測,AI応用と計測が好き|AI応用と計測に興味|AI応用と計測を学びたい|AI応用と計測が気になる,AI応用と計測,4
こころとスポーツとIT,こころとスポーツとITが好き|こころとスポーツとITに興味|こころとスポーツとITを学びたい|こころとスポーツとITが気になる,こころとスポーツとIT,4
先進ソフトウェア,先進ソフトウェアが好き|先進ソフトウェアに興味|先進ソフトウェアを学びたい|先進ソフトウェアが気になる,先進ソフトウェア,4
心理とスポーツとIT,心理とスポーツとITが好き|心理とスポーツとITに興味|心理とスポーツとITを学びたい|心理とスポーツとITが気になる,心理とスポーツとIT,4
数値流体力学,数値流体力学が好き|数値流体力学に興味|数値流体力学を学びたい|数値流体力学が気になる,数値流体力学,4
産業・組織心理学,産業・組織心理学が好き|産業・組織心理学に興味|産業・組織心理学を学びたい|産業・組織心理学が気になる,産業・組織心理学,4
スポーツ科学,スポーツ科学が好き|スポーツ科学に興味|スポーツ科学を学びたい|スポーツ科学が気になる,スポーツ科学,4
心理情報,心理情報が好き|心理情報に興味|心理情報を学びたい|心理情報が気になる,心理情報,4
心理・スポーツ情報,心理・スポーツ情報が好き|心理・スポーツ情報に興味|心理・スポーツ情報を学びたい|心理・スポーツ情報が気になる,心理・スポーツ情報,4
スポーツ心理学,スポーツ心理学が好き|スポーツ心理学に興味|スポーツ心理学を学びたい|スポーツ心理学が気になる,スポーツ心理学,4
ソフトウェア開発支援,ソフトウェア開発支援が好き|ソフトウェア開発支援に興味|ソフトウェア開発支援を学びたい|ソフトウェア開発支援が気になる,ソフトウェア開発支援,4
データ解析,データ解析が好き|データ解析に興味|データ解析を学びたい|データ解析が気になる,データ解析,4
ソフトウェア科学研究室,ソフトウェア科学研究室が好き|ソフトウェア科学研究室に興味|ソフトウェア科学研究室を学びたい|ソフトウェア科学研究室が気になる,ソフトウェア科学研究室,4
知能数理科学研究室,知能数理科学研究室が好き|知能数理科学研究室に興味|知能数理科学研究室を学びたい|知能数理科学研究室が気になる,知能数理科学研究室,4
わからないことなどがあれば,わからないことなどがあればが好き|わからないことなどがあればに興味|わからないことなどがあればを学びたい|わからないことなどがあればが気になる,わからないことなどがあれば,4
ソフトウェア科学,ソフトウェア科学が好き|ソフトウェア科学に興味|ソフトウェア科学を学びたい|ソフトウェア科学が気になる,ソフトウェア科学,4
人工知能応用,人工知能応用が好き|人工知能応用に興味|人工知能応用を学びたい|人工知能応用が気になる,人工知能応用,4
分散システム,分散システムが好き|分散システムに興味|分散システムを学びたい|分散システムが気になる,分散システム,4
知能数理科学,知能数理科学が好き|知能数理科学に興味|知能数理科学を学びたい|知能数理科学が気になる,知能数理科学,4
統計解析,統計解析が好き|統計解析に興味|統計解析を学びたい|統計解析が気になる,統計解析,4
システム情報,システム情報が好き|システム情報に興味|システム情報を学びたい|システム情報が気になる,システム情報,4
システム・ソフトウェア開発,システム・ソフトウェア開発が好き|システム・ソフトウェア開発に興味|システム・ソフトウェア開発を学びたい|システム・ソフトウェア開発が気になる,システム・ソフトウェア開発,4
ソフトウェア開発,ソフトウェア開発が好き|ソフトウェア開発に興味|ソフトウェア開発を学びたい|ソフトウェア開発が気になる,ソフトウェア開発,4
情報工学,情報工学が好き|情報工学に興味|情報工学を学びたい|情報工学が気になる,情報工学,4
環境イノベーション学,環境イノベーション学が好き|環境イノベーション学に興味|環境イノベーション学を学びたい|環境イノベーション学が気になる,環境イノベーション学,4
生物多様性,生物多様性が好き|生物多様性に興味|生物多様性を学びたい|生物多様性が気になる,生物多様性,4
フィールド動物科学研究室,フィールド動物科学研究室が好き|フィールド動物科学研究室に興味|フィールド動物科学研究室を学びたい|フィールド動物科学研究室が気になる,フィールド動物科学研究室,4
動物機能形態学研究室,動物機能形態学研究室が好き|動物機能形態学研究室に興味|動物機能形態学研究室を学びたい|動物機能形態学研究室が気になる,動物機能形態学研究室,4
動物細胞工学研究室,動物細胞工学研究室が好き|動物細胞工学研究室に興味|動物細胞工学研究室を学びたい|動物細胞工学研究室が気になる,動物細胞工学研究室,4
放射線微生物学研究室,放射線微生物学研究室が好き|放射線微生物学研究室に興味|放射線微生物学研究室を学びたい|放射線微生物学研究室が気になる,放射線微生物学研究室,4
水環境生態工学研究室,水環境生態工学研究室が好き|水環境生態工学研究室に興味|水環境生態工学研究室を学びたい|水環境生態工学研究室が気になる,水環境生態工学研究室,4
生態リスク学研究室,生態リスク学研究室が好き|生態リスク学研究室に興味|生態リスク学研究室を学びたい|生態リスク学研究室が気になる,生態リスク学研究室,4
脳神経科学研究室,脳神経科学研究室が好き|脳神経科学研究室に興味|脳神経科学研究室を学びたい|脳神経科学研究室が気になる,脳神経科学研究室,4
行動神経生理学研究室,行動神経生理学研究室が好き|行動神経生理学研究室に興味|行動神経生理学研究室を学びたい|行動神経生理学研究室が気になる,行動神経生理学研究室,4
神経,神経が好き|神経に興味|神経を学びたい|神経が気になる,神経,4
放射線,放射線が好き|放射線に興味|放射線を学びたい|放射線が気になる,放射線,4
フィールド動物科学,フィールド動物科学が好き|フィールド動物科学に興味|フィールド動物科学を学びたい|フィールド動物科学が気になる,フィールド動物科学,4
動物機能形態学,動物機能形態学が好き|動物機能形態学に興味|動物機能形態学を学びたい|動物機能形態学が気になる,動物機能形態学,4
動物発生システム,動物発生システムが好き|動物発生システムに興味|動物発生システムを学びたい|動物発生システムが気になる,動物発生システム,4
動物細胞工学,動物細胞工学が好き|動物細胞工学に興味|動物細胞工学を学びたい|動物細胞工学が気になる,動物細胞工学,4
放射線微生物学,放射線微生物学が好き|放射線微生物学に興味|放射線微生物学を学びたい|放射線微生物学が気になる,放射線微生物学,4
水環境生態工学,水環境生態工学が好き|水環境生態工学に興味|水環境生態工学を学びたい|水環境生態工学が気になる,水環境生態工学,4
生態リスク学,生態リスク学が好き|生態リスク学に興味|生態リスク学を学びたい|生態リスク学が気になる,生態リスク学,4
神経機能制御,神経機能制御が好き|神経機能制御に興味|神経機能制御を学びたい|神経機能制御が気になる,神経機能制御,4
細胞分子毒性,細胞分子毒性が好き|細胞分子毒性に興味|細胞分子毒性を学びたい|細胞分子毒性が気になる,細胞分子毒性,4
脳神経科学,脳神経科学が好き|脳神経科学に興味|脳神経科学を学びたい|脳神経科学が気になる,脳神経科学,4
行動神経生理学,行動神経生理学が好き|行動神経生理学に興味|行動神経生理学を学びたい|行動神経生理学が気になる,行動神経生理学,4
野外調査をベースに研究計画を立てることが多い,野外調査をベースに研究計画を立てることが多いが好き|野外調査をベースに研究計画を立てることが多いに興味|野外調査をベースに研究計画を立てることが多いを学びたい|野外調査をベースに研究計画を立てることが多いが気になる,野外調査をベースに研究計画を立てることが多い,4
毒性,毒性が好き|毒性に興味|毒性を学びたい|毒性が気になる,毒性,4
哺乳類,哺乳類が好き|哺乳類に興味|哺乳類を学びたい|哺乳類が気になる,哺乳類,4
水環境,水環境が好き|水環境に興味|水環境を学びたい|水環境が気になる,水環境,4
マイクロ材料工学研究室,マイクロ材料工学研究室が好き|マイクロ材料工学研究室に興味|マイクロ材料工学研究室を学びたい|マイクロ材料工学研究室が気になる,マイクロ材料工学研究室,4
免疫システム制御学研究室,免疫システム制御学研究室が好き|免疫システム制御学研究室に興味|免疫システム制御学研究室を学びたい|免疫システム制御学研究室が気になる,免疫システム制御学研究室,4
医療福祉支援工学研究室,医療福祉支援工学研究室が好き|医療福祉支援工学研究室に興味|医療福祉支援工学研究室を学びたい|医療福祉支援工学研究室が気になる,医療福祉支援工学研究室,4
物質医工学研究室,物質医工学研究室が好き|物質医工学研究室に興味|物質医工学研究室を学びたい|物質医工学研究室が気になる,物質医工学研究室,4
生体情報学研究室,生体情報学研究室が好き|生体情報学研究室に興味|生体情報学研究室を学びたい|生体情報学研究室が気になる,生体情報学研究室,4
生体高分子材料研究室,生体高分子材料研究室が好き|生体高分子材料研究室に興味|生体高分子材料研究室を学びたい|生体高分子材料研究室が気になる,生体高分子材料研究室,4
細胞ゲノム工学研究室,細胞ゲノム工学研究室が好き|細胞ゲノム工学研究室に興味|細胞ゲノム工学研究室を学びたい|細胞ゲノム工学研究室が気になる,細胞ゲノム工学研究室,4
運動生理学研究室,運動生理学研究室が好き|運動生理学研究室に興味|運動生理学研究室を学びたい|運動生理学研究室が気になる,運動生理学研究室,4
量子医工学研究室,量子医工学研究室が好き|量子医工学研究室に興味|量子医工学研究室を学びたい|量子医工学研究室が気になる,量子医工学研究室,4
ニューロサイエンス,ニューロサイエンスが好き|ニューロサイエンスに興味|ニューロサイエンスを学びたい|ニューロサイエンスが気になる,ニューロサイエンス,4
バイオエンジニアリング,バイオエンジニアリングが好き|バイオエンジニアリングに興味|バイオエンジニアリングを学びたい|バイオエンジニアリングが気になる,バイオエンジニアリング,4
ヘルスプロモーション,ヘルスプロモーションが好き|ヘルスプロモーションに興味|ヘルスプロモーションを学びたい|ヘルスプロモーションが気になる,ヘルスプロモーション,4
マイクロ材料工学,マイクロ材料工学が好き|マイクロ材料工学に興味|マイクロ材料工学を学びたい|マイクロ材料工学が気になる,マイクロ材料工学,4
メディカルロボティクス,メディカルロボティクスが好き|メディカルロボティクスに興味|メディカルロボティクスを学びたい|メディカルロボティクスが気になる,メディカルロボティクス,4
免疫システム制御学,免疫システム制御学が好き|免疫システム制御学に興味|免疫システム制御学を学びたい|免疫システム制御学が気になる,免疫システム制御学,4
医療福祉支援工学,医療福祉支援工学が好き|医療福祉支援工学に興味|医療福祉支援工学を学びたい|医療福祉支援工学が気になる,医療福祉支援工学,4
物質医工学,物質医工学が好き|物質医工学に興味|物質医工学を学びたい|物質医工学が気になる,物質医工学,4
生体信号処理,生体信号処理が好き|生体信号処理に興味|生体信号処理を学びたい|生体信号処理が気になる,生体信号処理,4
生体情報学,生体情報学が好き|生体情報学に興味|生体情報学を学びたい|生体情報学が気になる,生体情報学,4
生体高分子材料,生体高分子材料が好き|生体高分子材料に興味|生体高分子材料を学びたい|生体高分子材料が気になる,生体高分子材料,4
細胞ゲノム工学,細胞ゲノム工学が好き|細胞ゲノム工学に興味|細胞ゲノム工学を学びたい|細胞ゲノム工学が気になる,細胞ゲノム工学,4
運動生理学,運動生理学が好き|運動生理学に興味|運動生理学を学びたい|運動生理学が気になる,運動生理学,4
量子医工学,量子医工学が好き|量子医工学に興味|量子医工学を学びたい|量子医工学が気になる,量子医工学,4
生体医工学,生体医工学が好き|生体医工学に興味|生体医工学を学びたい|生体医工学が気になる,生体医工学,4
高分子,高分子が好き|高分子に興味|高分子を学びたい|高分子が気になる,高分子,4
医工学,医工学が好き|医工学に興味|医工学を学びたい|医工学が気になる,医工学,4
再生医療,再生医療が好き|再生医療に興味|再生医療を学びたい|再生医療が気になる,再生医療,4
分子遺伝学研究室,分子遺伝学研究室が好き|分子遺伝学研究室に興味|分子遺伝学研究室を学びたい|分子遺伝学研究室が気になる,分子遺伝学研究室,4
地球環境科学研究室,地球環境科学研究室が好き|地球環境科学研究室に興味|地球環境科学研究室を学びたい|地球環境科学研究室が気になる,地球環境科学研究室,4
微生物生理工学研究室,微生物生理工学研究室が好き|微生物生理工学研究室に興味|微生物生理工学研究室を学びたい|微生物生理工学研究室が気になる,微生物生理工学研究室,4
植物バイオーム分子化学研究室,植物バイオーム分子化学研究室が好き|植物バイオーム分子化学研究室に興味|植物バイオーム分子化学研究室を学びたい|植物バイオーム分子化学研究室が気になる,植物バイオーム分子化学研究室,4
植物生理学研究室,植物生理学研究室が好き|植物生理学研究室に興味|植物生理学研究室を学びたい|植物生理学研究室が気になる,植物生理学研究室,4
極域微生物機能生態学研究室,極域微生物機能生態学研究室が好き|極域微生物機能生態学研究室に興味|極域微生物機能生態学研究室を学びたい|極域微生物機能生態学研究室が気になる,極域微生物機能生態学研究室,4
極限環境生命科学研究室,極限環境生命科学研究室が好き|極限環境生命科学研究室に興味|極限環境生命科学研究室を学びたい|極限環境生命科学研究室が気になる,極限環境生命科学研究室,4
極限環境生物資源利用学研究室,極限環境生物資源利用学研究室が好き|極限環境生物資源利用学研究室に興味|極限環境生物資源利用学研究室を学びたい|極限環境生物資源利用学研究室が気になる,極限環境生物資源利用学研究室,4
環境ストレス応答分子微生物学研究室,環境ストレス応答分子微生物学研究室が好き|環境ストレス応答分子微生物学研究室に興味|環境ストレス応答分子微生物学研究室を学びたい|環境ストレス応答分子微生物学研究室が気になる,環境ストレス応答分子微生物学研究室,4
生物機能調節化学研究室,生物機能調節化学研究室が好き|生物機能調節化学研究室に興味|生物機能調節化学研究室を学びたい|生物機能調節化学研究室が気になる,生物機能調節化学研究室,4
糖質材料創成学研究室,糖質材料創成学研究室が好き|糖質材料創成学研究室に興味|糖質材料創成学研究室を学びたい|糖質材料創成学研究室が気になる,糖質材料創成学研究室,4
分子遺伝学,分子遺伝学が好き|分子遺伝学に興味|分子遺伝学を学びたい|分子遺伝学が気になる,分子遺伝学,4
地球環境科学,地球環境科学が好き|地球環境科学に興味|地球環境科学を学びたい|地球環境科学が気になる,地球環境科学,4
微生物生理工学,微生物生理工学が好き|微生物生理工学に興味|微生物生理工学を学びたい|微生物生理工学が気になる,微生物生理工学,4
応用生体触媒,応用生体触媒が好き|応用生体触媒に興味|応用生体触媒を学びたい|応用生体触媒が気になる,応用生体触媒,4
植物バイオーム分子化学,植物バイオーム分子化学が好き|植物バイオーム分子化学に興味|植物バイオーム分子化学を学びたい|植物バイオーム分子化学が気になる,植物バイオーム分子化学,4
植物生理学,植物生理学が好き|植物生理学に興味|植物生理学を学びたい|植物生理学が気になる,植物生理学,4
植物生長制御,植物生長制御が好き|植物生長制御に興味|植物生長制御を学びたい|植物生長制御が気になる,植物生長制御,4
極域微生物機能生態学,極域微生物機能生態学が好き|極域微生物機能生態学に興味|極域微生物機能生態学を学びたい|極域微生物機能生態学が気になる,極域微生物機能生態学,4
極限環境生命科学,極限環境生命科学が好き|極限環境生命科学に興味|極限環境生命科学を学びたい|極限環境生命科学が気になる,極限環境生命科学,4
極限環境生物資源利用学,極限環境生物資源利用学が好き|極限環境生物資源利用学に興味|極限環境生物資源利用学を学びたい|極限環境生物資源利用学が気になる,極限環境生物資源利用学,4
環境ストレス応答分子微生物学,環境ストレス応答分子微生物学が好き|環境ストレス応答分子微生物学に興味|環境ストレス応答分子微生物学を学びたい|環境ストレス応答分子微生物学が気になる,環境ストレス応答分子微生物学,4
生物機能調節化学,生物機能調節化学が好き|生物機能調節化学に興味|生物機能調節化学を学びたい|生物機能調節化学が気になる,生物機能調節化学,4
糖質材料創成学,糖質材料創成学が好き|糖質材料創成学に興味|糖質材料創成学を学びたい|糖質材料創成学が気になる,糖質材料創成学,4
光合成,光合成が好き|光合成に興味|光合成を学びたい|光合成が気になる,光合成,4
タンパク質,タンパク質が好き|タンパク質に興味|タンパク質を学びたい|タンパク質が気になる,タンパク質,4
ホルモン,ホルモンが好き|ホルモンに興味|ホルモンを学びたい|ホルモンが気になる,ホルモン,4
健康スポーツ科学・保健学研究室,健康スポーツ科学・保健学研究室が好き|健康スポーツ科学・保健学研究室に興味|健康スポーツ科学・保健学研究室を学びたい|健康スポーツ科学・保健学研究室が気になる,健康スポーツ科学・保健学研究室,4
応用生物科学研究室,応用生物科学研究室が好き|応用生物科学研究室に興味|応用生物科学研究室を学びたい|応用生物科学研究室が気になる,応用生物科学研究室,4
植物細胞分子生物学研究室,植物細胞分子生物学研究室が好き|植物細胞分子生物学研究室に興味|植物細胞分子生物学研究室を学びたい|植物細胞分子生物学研究室が気になる,植物細胞分子生物学研究室,4
植物育種学研究室,植物育種学研究室が好き|植物育種学研究室に興味|植物育種学研究室を学びたい|植物育種学研究室が気になる,植物育種学研究室,4
生体高分子化学研究室,生体高分子化学研究室が好き|生体高分子化学研究室に興味|生体高分子化学研究室を学びたい|生体高分子化学研究室が気になる,生体高分子化学研究室,4
糖質生命機能科学研究室,糖質生命機能科学研究室が好き|糖質生命機能科学研究室に興味|糖質生命機能科学研究室を学びたい|糖質生命機能科学研究室が気になる,糖質生命機能科学研究室,4
脂質機能科学研究室,脂質機能科学研究室が好き|脂質機能科学研究室に興味|脂質機能科学研究室を学びたい|脂質機能科学研究室が気になる,脂質機能科学研究室,4
調理学研究室,調理学研究室が好き|調理学研究室に興味|調理学研究室を学びたい|調理学研究室が気になる,調理学研究室,4
醸造学研究室,醸造学研究室が好き|醸造学研究室に興味|醸造学研究室を学びたい|醸造学研究室が気になる,醸造学研究室,4
食品分析化学研究室,食品分析化学研究室が好き|食品分析化学研究室に興味|食品分析化学研究室を学びたい|食品分析化学研究室が気になる,食品分析化学研究室,4
食品微生物学研究室,食品微生物学研究室が好き|食品微生物学研究室に興味|食品微生物学研究室を学びたい|食品微生物学研究室が気になる,食品微生物学研究室,4
食品機能論研究室,食品機能論研究室が好き|食品機能論研究室に興味|食品機能論研究室を学びたい|食品機能論研究室が気になる,食品機能論研究室,4
食物科学研究室,食物科学研究室が好き|食物科学研究室に興味|食物科学研究室を学びたい|食物科学研究室が気になる,食物科学研究室,4
フード・バイオレオロジー,フード・バイオレオロジーが好き|フード・バイオレオロジーに興味|フード・バイオレオロジーを学びたい|フード・バイオレオロジーが気になる,フード・バイオレオロジー,4
健康スポーツ科学・保健学,健康スポーツ科学・保健学が好き|健康スポーツ科学・保健学に興味|健康スポーツ科学・保健学を学びたい|健康スポーツ科学・保健学が気になる,健康スポーツ科学・保健学,4
当は2024年度からスタートする新しい,当は2024年度からスタートする新しいが好き|当は2024年度からスタートする新しいに興味|当は2024年度からスタートする新しいを学びたい|当は2024年度からスタートする新しいが気になる,当は2024年度からスタートする新しい,4
応用生物科学,応用生物科学が好き|応用生物科学に興味|応用生物科学を学びたい|応用生物科学が気になる,応用生物科学,4
新しい,新しいが好き|新しいに興味|新しいを学びたい|新しいが気になる,新しい,4
植物細胞分子生物学,植物細胞分子生物学が好き|植物細胞分子生物学に興味|植物細胞分子生物学を学びたい|植物細胞分子生物学が気になる,植物細胞分子生物学,4
植物育種学,植物育種学が好き|植物育種学に興味|植物育種学を学びたい|植物育種学が気になる,植物育種学,4
生体高分子化学,生体高分子化学が好き|生体高分子化学に興味|生体高分子化学を学びたい|生体高分子化学が気になる,生体高分子化学,4
科学教育,科学教育が好き|科学教育に興味|科学教育を学びたい|科学教育が気になる,科学教育,4
糖質生命機能科学,糖質生命機能科学が好き|糖質生命機能科学に興味|糖質生命機能科学を学びたい|糖質生命機能科学が気になる,糖質生命機能科学,4
脂質機能科学,脂質機能科学が好き|脂質機能科学に興味|脂質機能科学を学びたい|脂質機能科学が気になる,脂質機能科学,4
調理学,調理学が好き|調理学に興味|調理学を学びたい|調理学が気になる,調理学,4
醸造学,醸造学が好き|醸造学に興味|醸造学を学びたい|醸造学が気になる,醸造学,4
食品分析化学,食品分析化学が好き|食品分析化学に興味|食品分析化学を学びたい|食品分析化学が気になる,食品分析化学,4
食品微生物学,食品微生物学が好き|食品微生物学に興味|食品微生物学を学びたい|食品微生物学が気になる,食品微生物学,4
食品機能論,食品機能論が好き|食品機能論に興味|食品機能論を学びたい|食品機能論が気になる,食品機能論,4
食物科学,食物科学が好き|食物科学に興味|食物科学を学びたい|食物科学が気になる,食物科学,4
食環境科学,食環境科学が好き|食環境科学に興味|食環境科学を学びたい|食環境科学が気になる,食環境科学,4
経済学研究室,経済学研究室が好き|経済学研究室に興味|経済学研究室を学びたい|経済学研究室が気になる,経済学研究室,4
行動経済学研究室,行動経済学研究室が好き|行動経済学研究室に興味|行動経済学研究室を学びたい|行動経済学研究室が気になる,行動経済学研究室,4
食料・資源経済学研究室,食料・資源経済学研究室が好き|食料・資源経済学研究室に興味|食料・資源経済学研究室を学びたい|食料・資源経済学研究室が気になる,食料・資源経済学研究室,4
食料経済学研究室,食料経済学研究室が好き|食料経済学研究室に興味|食料経済学研究室を学びたい|食料経済学研究室が気になる,食料経済学研究室,4
サステナブル・マーケティング,サステナブル・マーケティングが好き|サステナブル・マーケティングに興味|サステナブル・マーケティングを学びたい|サステナブル・マーケティングが気になる,サステナブル・マーケティング,4
フードシステム・食料政策,フードシステム・食料政策が好き|フードシステム・食料政策に興味|フードシステム・食料政策を学びたい|フードシステム・食料政策が気になる,フードシステム・食料政策,4
生体分子制御,生体分子制御が好き|生体分子制御に興味|生体分子制御を学びたい|生体分子制御が気になる,生体分子制御,4
行動経済学,行動経済学が好き|行動経済学に興味|行動経済学を学びたい|行動経済学が気になる,行動経済学,4
言語習得・言語分析,言語習得・言語分析が好き|言語習得・言語分析に興味|言語習得・言語分析を学びたい|言語習得・言語分析が気になる,言語習得・言語分析,4
計算ガストロノミー,計算ガストロノミーが好き|計算ガストロノミーに興味|計算ガストロノミーを学びたい|計算ガストロノミーが気になる,計算ガストロノミー,4
食情報・意思決定分析,食情報・意思決定分析が好き|食情報・意思決定分析に興味|食情報・意思決定分析を学びたい|食情報・意思決定分析が気になる,食情報・意思決定分析,4
食料・資源経済学,食料・資源経済学が好き|食料・資源経済学に興味|食料・資源経済学を学びたい|食料・資源経済学が気になる,食料・資源経済学,4
食料消費行動,食料消費行動が好き|食料消費行動に興味|食料消費行動を学びたい|食料消費行動が気になる,食料消費行動,4
食料経済・食料消費,食料経済・食料消費が好き|食料経済・食料消費に興味|食料経済・食料消費を学びたい|食料経済・食料消費が気になる,食料経済・食料消費,4
食料経済学,食料経済学が好き|食料経済学に興味|食料経済学を学びたい|食料経済学が気になる,食料経済学,4
食料経済実験,食料経済実験が好き|食料経済実験に興味|食料経済実験を学びたい|食料経済実験が気になる,食料経済実験,4
食行動科学・学習開発,食行動科学・学習開発が好き|食行動科学・学習開発に興味|食行動科学・学習開発を学びたい|食行動科学・学習開発が気になる,食行動科学・学習開発,4
ゲノム,ゲノムが好き|ゲノムに興味|ゲノムを学びたい|ゲノムが気になる,ゲノム,4
フードデータ,フードデータが好き|フードデータに興味|フードデータを学びたい|フードデータが気になる,フードデータ,4
イギリス・ルネッサンス文化研究室,イギリス・ルネッサンス文化研究室が好き|イギリス・ルネッサンス文化研究室に興味|イギリス・ルネッサンス文化研究室を学びたい|イギリス・ルネッサンス文化研究室が気になる,イギリス・ルネッサンス文化研究室,4
公衆栄養学研究室,公衆栄養学研究室が好き|公衆栄養学研究室に興味|公衆栄養学研究室を学びたい|公衆栄養学研究室が気になる,公衆栄養学研究室,4
分子食品衛生学研究室,分子食品衛生学研究室が好き|分子食品衛生学研究室に興味|分子食品衛生学研究室を学びたい|分子食品衛生学研究室が気になる,分子食品衛生学研究室,4
多次元臨床医学研究室,多次元臨床医学研究室が好き|多次元臨床医学研究室に興味|多次元臨床医学研究室を学びたい|多次元臨床医学研究室が気になる,多次元臨床医学研究室,4
応用栄養学研究室,応用栄養学研究室が好き|応用栄養学研究室に興味|応用栄養学研究室を学びたい|応用栄養学研究室が気になる,応用栄養学研究室,4
栄養教育学研究室,栄養教育学研究室が好き|栄養教育学研究室に興味|栄養教育学研究室を学びたい|栄養教育学研究室が気になる,栄養教育学研究室,4
栄養生理学研究室,栄養生理学研究室が好き|栄養生理学研究室に興味|栄養生理学研究室を学びたい|栄養生理学研究室が気になる,栄養生理学研究室,4
臨床栄養学研究室,臨床栄養学研究室が好き|臨床栄養学研究室に興味|臨床栄養学研究室を学びたい|臨床栄養学研究室が気になる,臨床栄養学研究室,4
臨床栄養管理学研究室,臨床栄養管理学研究室が好き|臨床栄養管理学研究室に興味|臨床栄養管理学研究室を学びたい|臨床栄養管理学研究室が気になる,臨床栄養管理学研究室,4
長寿学研究室,長寿学研究室が好き|長寿学研究室に興味|長寿学研究室を学びたい|長寿学研究室が気になる,長寿学研究室,4
食品機能学研究室,食品機能学研究室が好き|食品機能学研究室に興味|食品機能学研究室を学びたい|食品機能学研究室が気になる,食品機能学研究室,4
食品調理科学研究室,食品調理科学研究室が好き|食品調理科学研究室に興味|食品調理科学研究室を学びたい|食品調理科学研究室が気になる,食品調理科学研究室,4
その疑問を解き明かすために当,その疑問を解き明かすために当が好き|その疑問を解き明かすために当に興味|その疑問を解き明かすために当を学びたい|その疑問を解き明かすために当が気になる,その疑問を解き明かすために当,4
イギリス・ルネッサンス文化,イギリス・ルネッサンス文化が好き|イギリス・ルネッサンス文化に興味|イギリス・ルネッサンス文化を学びたい|イギリス・ルネッサンス文化が気になる,イギリス・ルネッサンス文化,4
一見,一見が好き|一見に興味|一見を学びたい|一見が気になる,一見,4
公衆栄養学,公衆栄養学が好き|公衆栄養学に興味|公衆栄養学を学びたい|公衆栄養学が気になる,公衆栄養学,4
分子食品衛生学,分子食品衛生学が好き|分子食品衛生学に興味|分子食品衛生学を学びたい|分子食品衛生学が気になる,分子食品衛生学,4
多次元臨床医学,多次元臨床医学が好き|多次元臨床医学に興味|多次元臨床医学を学びたい|多次元臨床医学が気になる,多次元臨床医学,4
学内,学内が好き|学内に興味|学内を学びたい|学内が気になる,学内,4
応用栄養学,応用栄養学が好き|応用栄養学に興味|応用栄養学を学びたい|応用栄養学が気になる,応用栄養学,4
栄養教育学,栄養教育学が好き|栄養教育学に興味|栄養教育学を学びたい|栄養教育学が気になる,栄養教育学,4
栄養生理学,栄養生理学が好き|栄養生理学に興味|栄養生理学を学びたい|栄養生理学が気になる,栄養生理学,4
環境衛生,環境衛生が好き|環境衛生に興味|環境衛生を学びたい|環境衛生が気になる,環境衛生,4
給食経営管理,給食経営管理が好き|給食経営管理に興味|給食経営管理を学びたい|給食経営管理が気になる,給食経営管理,4
臨床栄養学,臨床栄養学が好き|臨床栄養学に興味|臨床栄養学を学びたい|臨床栄養学が気になる,臨床栄養学,4
臨床栄養管理学,臨床栄養管理学が好き|臨床栄養管理学に興味|臨床栄養管理学を学びたい|臨床栄養管理学が気になる,臨床栄養管理学,4
長寿学,長寿学が好き|長寿学に興味|長寿学を学びたい|長寿学が気になる,長寿学,4
食品機能学,食品機能学が好き|食品機能学に興味|食品機能学を学びたい|食品機能学が気になる,食品機能学,4
食品調理科学,食品調理科学が好き|食品調理科学に興味|食品調理科学を学びたい|食品調理科学が気になる,食品調理科学,4
健康栄養,健康栄養が好き|健康栄養に興味|健康栄養を学びたい|健康栄養が気になる,健康栄養,4
