sample_input,source_type,topic_hint
哲学が好きです。大学ではどんな学科につながりますか。,official_program_synthetic,lit_philosophy
思想に興味があります。将来の仕事にもつながる学びを知りたいです。,official_program_synthetic,lit_philosophy
倫理を学びたいけれど、どの学部が近いかわかりません。,official_program_synthetic,lit_philosophy
高校で問いが面白いと思いました。東洋大学だとどこが合いそうですか。,official_program_synthetic,lit_philosophy
人間を使って社会に役立つことをしたいです。,official_program_synthetic,lit_philosophy
論理と人文の両方に興味があります。,official_program_synthetic,lit_philosophy
将来は宗教に関わる仕事がしたいです。,official_program_synthetic,lit_philosophy
価値観を研究するならどの学科を見ればよいですか。,official_program_synthetic,lit_philosophy
人文が好きですが、文系理系どちらで考えたらよいですか。,official_program_synthetic,lit_philosophy
言語文化を学ぶ学科の雰囲気を知りたいです。,official_program_synthetic,lit_philosophy
文学部が好きです。大学ではどんな学科につながりますか。,official_program_synthetic,lit_philosophy
哲学科に興味があります。将来の仕事にもつながる学びを知りたいです。,official_program_synthetic,lit_philosophy
哲学を学びたいけれど、どの学部が近いかわかりません。,official_program_synthetic,lit_philosophy
高校で思想が面白いと思いました。東洋大学だとどこが合いそうですか。,official_program_synthetic,lit_philosophy
倫理を使って社会に役立つことをしたいです。,official_program_synthetic,lit_philosophy
問いと宗教の両方に興味があります。,official_program_synthetic,lit_philosophy
将来は人間に関わる仕事がしたいです。,official_program_synthetic,lit_philosophy
論理を研究するならどの学科を見ればよいですか。,official_program_synthetic,lit_philosophy
宗教が好きですが、文系理系どちらで考えたらよいですか。,official_program_synthetic,lit_philosophy
価値観を学ぶ学科の雰囲気を知りたいです。,official_program_synthetic,lit_philosophy
人文が好きです。大学ではどんな学科につながりますか。,official_program_synthetic,lit_philosophy
言語文化に興味があります。将来の仕事にもつながる学びを知りたいです。,official_program_synthetic,lit_philosophy
東洋思想が好きです。大学ではどんな学科につながりますか。,official_program_synthetic,lit_oriental
文化に興味があります。将来の仕事にもつながる学びを知りたいです。,official_program_synthetic,lit_oriental
歴史を学びたいけれど、どの学部が近いかわかりません。,official_program_synthetic,lit_oriental
高校で宗教が面白いと思いました。東洋大学だとどこが合いそうですか。,official_program_synthetic,lit_oriental
アジアを使って社会に役立つことをしたいです。,official_program_synthetic,lit_oriental
言語と国際文化の両方に興味があります。,official_program_synthetic,lit_oriental
将来は思想に関わる仕事がしたいです。,official_program_synthetic,lit_oriental
人文を研究するならどの学科を見ればよいですか。,official_program_synthetic,lit_oriental
国際文化が好きですが、文系理系どちらで考えたらよいですか。,official_program_synthetic,lit_oriental
文学部を学ぶ学科の雰囲気を知りたいです。,official_program_synthetic,lit_oriental
東洋思想文化学科が好きです。大学ではどんな学科につながりますか。,official_program_synthetic,lit_oriental
東洋思想に興味があります。将来の仕事にもつながる学びを知りたいです。,official_program_synthetic,lit_oriental
文化を学びたいけれど、どの学部が近いかわかりません。,official_program_synthetic,lit_oriental
高校で歴史が面白いと思いました。東洋大学だとどこが合いそうですか。,official_program_synthetic,lit_oriental
宗教を使って社会に役立つことをしたいです。,official_program_synthetic,lit_oriental
アジアと人文の両方に興味があります。,official_program_synthetic,lit_oriental
将来は言語に関わる仕事がしたいです。,official_program_synthetic,lit_oriental
思想を研究するならどの学科を見ればよいですか。,official_program_synthetic,lit_oriental
人文が好きですが、文系理系どちらで考えたらよいですか。,official_program_synthetic,lit_oriental
国際文化を学ぶ学科の雰囲気を知りたいです。,official_program_synthetic,lit_oriental
文学部が好きです。大学ではどんな学科につながりますか。,official_program_synthetic,lit_oriental
東洋思想文化学科に興味があります。将来の仕事にもつながる学びを知りたいです。,official_program_synthetic,lit_oriental
日本文学が好きです。大学ではどんな学科につながりますか。,official_program_synthetic,lit_japanese
日本文化に興味があります。将来の仕事にもつながる学びを知りたいです。,official_program_synthetic,lit_japanese
言葉を学びたいけれど、どの学部が近いかわかりません。,official_program_synthetic,lit_japanese
高校で古典が面白いと思いました。東洋大学だとどこが合いそうですか。,official_program_synthetic,lit_japanese
現代文学を使って社会に役立つことをしたいです。,official_program_synthetic,lit_japanese
表現と言語文化の両方に興味があります。,official_program_synthetic,lit_japanese
将来は編集に関わる仕事がしたいです。,official_program_synthetic,lit_japanese
人文を研究するならどの学科を見ればよいですか。,official_program_synthetic,lit_japanese
言語文化が好きですが、文系理系どちらで考えたらよいですか。,official_program_synthetic,lit_japanese
文学部を学ぶ学科の雰囲気を知りたいです。,official_program_synthetic,lit_japanese
日本文学文化学科が好きです。大学ではどんな学科につながりますか。,official_program_synthetic,lit_japanese
日本文学に興味があります。将来の仕事にもつながる学びを知りたいです。,official_program_synthetic,lit_japanese
日本文化を学びたいけれど、どの学部が近いかわかりません。,official_program_synthetic,lit_japanese
高校で言葉が面白いと思いました。東洋大学だとどこが合いそうですか。,official_program_synthetic,lit_japanese
古典を使って社会に役立つことをしたいです。,official_program_synthetic,lit_japanese
現代文学と人文の両方に興味があります。,official_program_synthetic,lit_japanese
将来は表現に関わる仕事がしたいです。,official_program_synthetic,lit_japanese
編集を研究するならどの学科を見ればよいですか。,official_program_synthetic,lit_japanese
人文が好きですが、文系理系どちらで考えたらよいですか。,official_program_synthetic,lit_japanese
言語文化を学ぶ学科の雰囲気を知りたいです。,official_program_synthetic,lit_japanese
文学部が好きです。大学ではどんな学科につながりますか。,official_program_synthetic,lit_japanese
日本文学文化学科に興味があります。将来の仕事にもつながる学びを知りたいです。,official_program_synthetic,lit_japanese
英語が好きです。大学ではどんな学科につながりますか。,official_program_synthetic,lit_english
英米文学に興味があります。将来の仕事にもつながる学びを知りたいです。,official_program_synthetic,lit_english
異文化理解を学びたいけれど、どの学部が近いかわかりません。,official_program_synthetic,lit_english
高校で翻訳が面白いと思いました。東洋大学だとどこが合いそうですか。,official_program_synthetic,lit_english
言語を使って社会に役立つことをしたいです。,official_program_synthetic,lit_english
コミュニケーションと表現の両方に興味があります。,official_program_synthetic,lit_english
将来は語学に関わる仕事がしたいです。,official_program_synthetic,lit_english
国際文化を研究するならどの学科を見ればよいですか。,official_program_synthetic,lit_english
表現が好きですが、文系理系どちらで考えたらよいですか。,official_program_synthetic,lit_english
文学部を学ぶ学科の雰囲気を知りたいです。,official_program_synthetic,lit_english
英米文学科が好きです。大学ではどんな学科につながりますか。,official_program_synthetic,lit_english
英語に興味があります。将来の仕事にもつながる学びを知りたいです。,official_program_synthetic,lit_english
英米文学を学びたいけれど、どの学部が近いかわかりません。,official_program_synthetic,lit_english
高校で異文化理解が面白いと思いました。東洋大学だとどこが合いそうですか。,official_program_synthetic,lit_english
翻訳を使って社会に役立つことをしたいです。,official_program_synthetic,lit_english
言語と国際文化の両方に興味があります。,official_program_synthetic,lit_english
将来はコミュニケーションに関わる仕事がしたいです。,official_program_synthetic,lit_english
語学を研究するならどの学科を見ればよいですか。,official_program_synthetic,lit_english
国際文化が好きですが、文系理系どちらで考えたらよいですか。,official_program_synthetic,lit_english
表現を学ぶ学科の雰囲気を知りたいです。,official_program_synthetic,lit_english
文学部が好きです。大学ではどんな学科につながりますか。,official_program_synthetic,lit_english
英米文学科に興味があります。将来の仕事にもつながる学びを知りたいです。,official_program_synthetic,lit_english
歴史が好きです。大学ではどんな学科につながりますか。,official_program_synthetic,lit_history
史料に興味があります。将来の仕事にもつながる学びを知りたいです。,official_program_synthetic,lit_history
日本史を学びたいけれど、どの学部が近いかわかりません。,official_program_synthetic,lit_history
高校で東洋史が面白いと思いました。東洋大学だとどこが合いそうですか。,official_program_synthetic,lit_history
西洋史を使って社会に役立つことをしたいです。,official_program_synthetic,lit_history
文化財と社会理解の両方に興味があります。,official_program_synthetic,lit_history
将来は地域に関わる仕事がしたいです。,official_program_synthetic,lit_history
人文を研究するならどの学科を見ればよいですか。,official_program_synthetic,lit_history
社会理解が好きですが、文系理系どちらで考えたらよいですか。,official_program_synthetic,lit_history
文学部を学ぶ学科の雰囲気を知りたいです。,official_program_synthetic,lit_history
史学科が好きです。大学ではどんな学科につながりますか。,official_program_synthetic,lit_history
歴史に興味があります。将来の仕事にもつながる学びを知りたいです。,official_program_synthetic,lit_history
史料を学びたいけれど、どの学部が近いかわかりません。,official_program_synthetic,lit_history
高校で日本史が面白いと思いました。東洋大学だとどこが合いそうですか。,official_program_synthetic,lit_history
東洋史を使って社会に役立つことをしたいです。,official_program_synthetic,lit_history
西洋史と人文の両方に興味があります。,official_program_synthetic,lit_history
将来は文化財に関わる仕事がしたいです。,official_program_synthetic,lit_history
地域を研究するならどの学科を見ればよいですか。,official_program_synthetic,lit_history
人文が好きですが、文系理系どちらで考えたらよいですか。,official_program_synthetic,lit_history
社会理解を学ぶ学科の雰囲気を知りたいです。,official_program_synthetic,lit_history
文学部が好きです。大学ではどんな学科につながりますか。,official_program_synthetic,lit_history
史学科に興味があります。将来の仕事にもつながる学びを知りたいです。,official_program_synthetic,lit_history
教育が好きです。大学ではどんな学科につながりますか。,official_program_synthetic,lit_education_human
人間発達に興味があります。将来の仕事にもつながる学びを知りたいです。,official_program_synthetic,lit_education_human
子どもを学びたいけれど、どの学部が近いかわかりません。,official_program_synthetic,lit_education_human
高校で学びが面白いと思いました。東洋大学だとどこが合いそうですか。,official_program_synthetic,lit_education_human
心理を使って社会に役立つことをしたいです。,official_program_synthetic,lit_education_human
学校と文学部の両方に興味があります。,official_program_synthetic,lit_education_human
将来は生涯学習に関わる仕事がしたいです。,official_program_synthetic,lit_education_human
福祉を研究するならどの学科を見ればよいですか。,official_program_synthetic,lit_education_human
文学部が好きですが、文系理系どちらで考えたらよいですか。,official_program_synthetic,lit_education_human
教育学科 人間発達専攻を学ぶ学科の雰囲気を知りたいです。,official_program_synthetic,lit_education_human
教育が好きです。大学ではどんな学科につながりますか。,official_program_synthetic,lit_education_human
人間発達に興味があります。将来の仕事にもつながる学びを知りたいです。,official_program_synthetic,lit_education_human
子どもを学びたいけれど、どの学部が近いかわかりません。,official_program_synthetic,lit_education_human
高校で学びが面白いと思いました。東洋大学だとどこが合いそうですか。,official_program_synthetic,lit_education_human
心理を使って社会に役立つことをしたいです。,official_program_synthetic,lit_education_human
学校と文学部の両方に興味があります。,official_program_synthetic,lit_education_human
将来は生涯学習に関わる仕事がしたいです。,official_program_synthetic,lit_education_human
福祉を研究するならどの学科を見ればよいですか。,official_program_synthetic,lit_education_human
文学部が好きですが、文系理系どちらで考えたらよいですか。,official_program_synthetic,lit_education_human
教育学科 人間発達専攻を学ぶ学科の雰囲気を知りたいです。,official_program_synthetic,lit_education_human
教育が好きです。大学ではどんな学科につながりますか。,official_program_synthetic,lit_education_human
人間発達に興味があります。将来の仕事にもつながる学びを知りたいです。,official_program_synthetic,lit_education_human
小学校教員が好きです。大学ではどんな学科につながりますか。,official_program_synthetic,lit_education_primary
教育に興味があります。将来の仕事にもつながる学びを知りたいです。,official_program_synthetic,lit_education_primary
授業を学びたいけれど、どの学部が近いかわかりません。,official_program_synthetic,lit_education_primary
高校で子どもが面白いと思いました。東洋大学だとどこが合いそうですか。,official_program_synthetic,lit_education_primary
学校を使って社会に役立つことをしたいです。,official_program_synthetic,lit_education_primary
実践と文学部の両方に興味があります。,official_program_synthetic,lit_education_primary
将来は教職に関わる仕事がしたいです。,official_program_synthetic,lit_education_primary
資格を研究するならどの学科を見ればよいですか。,official_program_synthetic,lit_education_primary
文学部が好きですが、文系理系どちらで考えたらよいですか。,official_program_synthetic,lit_education_primary
教育学科 初等教育専攻を学ぶ学科の雰囲気を知りたいです。,official_program_synthetic,lit_education_primary
小学校教員が好きです。大学ではどんな学科につながりますか。,official_program_synthetic,lit_education_primary
教育に興味があります。将来の仕事にもつながる学びを知りたいです。,official_program_synthetic,lit_education_primary
授業を学びたいけれど、どの学部が近いかわかりません。,official_program_synthetic,lit_education_primary
高校で子どもが面白いと思いました。東洋大学だとどこが合いそうですか。,official_program_synthetic,lit_education_primary
学校を使って社会に役立つことをしたいです。,official_program_synthetic,lit_education_primary
実践と文学部の両方に興味があります。,official_program_synthetic,lit_education_primary
将来は教職に関わる仕事がしたいです。,official_program_synthetic,lit_education_primary
資格を研究するならどの学科を見ればよいですか。,official_program_synthetic,lit_education_primary
文学部が好きですが、文系理系どちらで考えたらよいですか。,official_program_synthetic,lit_education_primary
教育学科 初等教育専攻を学ぶ学科の雰囲気を知りたいです。,official_program_synthetic,lit_education_primary
小学校教員が好きです。大学ではどんな学科につながりますか。,official_program_synthetic,lit_education_primary
教育に興味があります。将来の仕事にもつながる学びを知りたいです。,official_program_synthetic,lit_education_primary
国際文化が好きです。大学ではどんな学科につながりますか。,official_program_synthetic,lit_intercultural
コミュニケーションに興味があります。将来の仕事にもつながる学びを知りたいです。,official_program_synthetic,lit_intercultural
英語を学びたいけれど、どの学部が近いかわかりません。,official_program_synthetic,lit_intercultural
高校で多文化が面白いと思いました。東洋大学だとどこが合いそうですか。,official_program_synthetic,lit_intercultural
翻訳を使って社会に役立つことをしたいです。,official_program_synthetic,lit_intercultural
表現と文学部の両方に興味があります。,official_program_synthetic,lit_intercultural
将来は異文化に関わる仕事がしたいです。,official_program_synthetic,lit_intercultural
語学を研究するならどの学科を見ればよいですか。,official_program_synthetic,lit_intercultural
文学部が好きですが、文系理系どちらで考えたらよいですか。,official_program_synthetic,lit_intercultural
国際文化コミュニケーション学科を学ぶ学科の雰囲気を知りたいです。,official_program_synthetic,lit_intercultural
国際文化が好きです。大学ではどんな学科につながりますか。,official_program_synthetic,lit_intercultural
コミュニケーションに興味があります。将来の仕事にもつながる学びを知りたいです。,official_program_synthetic,lit_intercultural
英語を学びたいけれど、どの学部が近いかわかりません。,official_program_synthetic,lit_intercultural
高校で多文化が面白いと思いました。東洋大学だとどこが合いそうですか。,official_program_synthetic,lit_intercultural
翻訳を使って社会に役立つことをしたいです。,official_program_synthetic,lit_intercultural
表現と文学部の両方に興味があります。,official_program_synthetic,lit_intercultural
将来は異文化に関わる仕事がしたいです。,official_program_synthetic,lit_intercultural
語学を研究するならどの学科を見ればよいですか。,official_program_synthetic,lit_intercultural
文学部が好きですが、文系理系どちらで考えたらよいですか。,official_program_synthetic,lit_intercultural
国際文化コミュニケーション学科を学ぶ学科の雰囲気を知りたいです。,official_program_synthetic,lit_intercultural
国際文化が好きです。大学ではどんな学科につながりますか。,official_program_synthetic,lit_intercultural
コミュニケーションに興味があります。将来の仕事にもつながる学びを知りたいです。,official_program_synthetic,lit_intercultural
経済が好きです。大学ではどんな学科につながりますか。,official_program_synthetic,econ_economics
金融に興味があります。将来の仕事にもつながる学びを知りたいです。,official_program_synthetic,econ_economics
財政を学びたいけれど、どの学部が近いかわかりません。,official_program_synthetic,econ_economics
高校で市場が面白いと思いました。東洋大学だとどこが合いそうですか。,official_program_synthetic,econ_economics
統計を使って社会に役立つことをしたいです。,official_program_synthetic,econ_economics
データと経済学部の両方に興味があります。,official_program_synthetic,econ_economics
将来は政策に関わる仕事がしたいです。,official_program_synthetic,econ_economics
社会科学を研究するならどの学科を見ればよいですか。,official_program_synthetic,econ_economics
経済学部が好きですが、文系理系どちらで考えたらよいですか。,official_program_synthetic,econ_economics
経済学科を学ぶ学科の雰囲気を知りたいです。,official_program_synthetic,econ_economics
経済が好きです。大学ではどんな学科につながりますか。,official_program_synthetic,econ_economics
金融に興味があります。将来の仕事にもつながる学びを知りたいです。,official_program_synthetic,econ_economics
財政を学びたいけれど、どの学部が近いかわかりません。,official_program_synthetic,econ_economics
高校で市場が面白いと思いました。東洋大学だとどこが合いそうですか。,official_program_synthetic,econ_economics
統計を使って社会に役立つことをしたいです。,official_program_synthetic,econ_economics
データと経済学部の両方に興味があります。,official_program_synthetic,econ_economics
将来は政策に関わる仕事がしたいです。,official_program_synthetic,econ_economics
社会科学を研究するならどの学科を見ればよいですか。,official_program_synthetic,econ_economics
経済学部が好きですが、文系理系どちらで考えたらよいですか。,official_program_synthetic,econ_economics
経済学科を学ぶ学科の雰囲気を知りたいです。,official_program_synthetic,econ_economics
経済が好きです。大学ではどんな学科につながりますか。,official_program_synthetic,econ_economics
金融に興味があります。将来の仕事にもつながる学びを知りたいです。,official_program_synthetic,econ_economics
国際経済が好きです。大学ではどんな学科につながりますか。,official_program_synthetic,econ_international
貿易に興味があります。将来の仕事にもつながる学びを知りたいです。,official_program_synthetic,econ_international
開発を学びたいけれど、どの学部が近いかわかりません。,official_program_synthetic,econ_international
高校でグローバルが面白いと思いました。東洋大学だとどこが合いそうですか。,official_program_synthetic,econ_international
金融を使って社会に役立つことをしたいです。,official_program_synthetic,econ_international
英語と国際の両方に興味があります。,official_program_synthetic,econ_international
将来は政策に関わる仕事がしたいです。,official_program_synthetic,econ_international
経済を研究するならどの学科を見ればよいですか。,official_program_synthetic,econ_international
国際が好きですが、文系理系どちらで考えたらよいですか。,official_program_synthetic,econ_international
社会課題を学ぶ学科の雰囲気を知りたいです。,official_program_synthetic,econ_international
経済学部が好きです。大学ではどんな学科につながりますか。,official_program_synthetic,econ_international
国際経済学科に興味があります。将来の仕事にもつながる学びを知りたいです。,official_program_synthetic,econ_international
国際経済を学びたいけれど、どの学部が近いかわかりません。,official_program_synthetic,econ_international
高校で貿易が面白いと思いました。東洋大学だとどこが合いそうですか。,official_program_synthetic,econ_international
開発を使って社会に役立つことをしたいです。,official_program_synthetic,econ_international
グローバルと政策の両方に興味があります。,official_program_synthetic,econ_international
将来は金融に関わる仕事がしたいです。,official_program_synthetic,econ_international
英語を研究するならどの学科を見ればよいですか。,official_program_synthetic,econ_international
政策が好きですが、文系理系どちらで考えたらよいですか。,official_program_synthetic,econ_international
経済を学ぶ学科の雰囲気を知りたいです。,official_program_synthetic,econ_international
国際が好きです。大学ではどんな学科につながりますか。,official_program_synthetic,econ_international
社会課題に興味があります。将来の仕事にもつながる学びを知りたいです。,official_program_synthetic,econ_international
政策が好きです。大学ではどんな学科につながりますか。,official_program_synthetic,econ_policy
地域に興味があります。将来の仕事にもつながる学びを知りたいです。,official_program_synthetic,econ_policy
公共を学びたいけれど、どの学部が近いかわかりません。,official_program_synthetic,econ_policy
高校で行政が面白いと思いました。東洋大学だとどこが合いそうですか。,official_program_synthetic,econ_policy
社会課題を使って社会に役立つことをしたいです。,official_program_synthetic,econ_policy
データと経済学部の両方に興味があります。,official_program_synthetic,econ_policy
将来はまちづくりに関わる仕事がしたいです。,official_program_synthetic,econ_policy
社会科学を研究するならどの学科を見ればよいですか。,official_program_synthetic,econ_policy
経済学部が好きですが、文系理系どちらで考えたらよいですか。,official_program_synthetic,econ_policy
総合政策学科を学ぶ学科の雰囲気を知りたいです。,official_program_synthetic,econ_policy
政策が好きです。大学ではどんな学科につながりますか。,official_program_synthetic,econ_policy
地域に興味があります。将来の仕事にもつながる学びを知りたいです。,official_program_synthetic,econ_policy
公共を学びたいけれど、どの学部が近いかわかりません。,official_program_synthetic,econ_policy
高校で行政が面白いと思いました。東洋大学だとどこが合いそうですか。,official_program_synthetic,econ_policy
社会課題を使って社会に役立つことをしたいです。,official_program_synthetic,econ_policy
データと経済学部の両方に興味があります。,official_program_synthetic,econ_policy
将来はまちづくりに関わる仕事がしたいです。,official_program_synthetic,econ_policy
社会科学を研究するならどの学科を見ればよいですか。,official_program_synthetic,econ_policy
経済学部が好きですが、文系理系どちらで考えたらよいですか。,official_program_synthetic,econ_policy
総合政策学科を学ぶ学科の雰囲気を知りたいです。,official_program_synthetic,econ_policy
政策が好きです。大学ではどんな学科につながりますか。,official_program_synthetic,econ_policy
地域に興味があります。将来の仕事にもつながる学びを知りたいです。,official_program_synthetic,econ_policy
経営が好きです。大学ではどんな学科につながりますか。,official_program_synthetic,biz_management
企業に興味があります。将来の仕事にもつながる学びを知りたいです。,official_program_synthetic,biz_management
組織を学びたいけれど、どの学部が近いかわかりません。,official_program_synthetic,biz_management
高校で起業が面白いと思いました。東洋大学だとどこが合いそうですか。,official_program_synthetic,biz_management
戦略を使って社会に役立つことをしたいです。,official_program_synthetic,biz_management
リーダーシップと実践の両方に興味があります。,official_program_synthetic,biz_management
将来はビジネスに関わる仕事がしたいです。,official_program_synthetic,biz_management
社会科学を研究するならどの学科を見ればよいですか。,official_program_synthetic,biz_management
実践が好きですが、文系理系どちらで考えたらよいですか。,official_program_synthetic,biz_management
経営学部を学ぶ学科の雰囲気を知りたいです。,official_program_synthetic,biz_management
経営学科が好きです。大学ではどんな学科につながりますか。,official_program_synthetic,biz_management
経営に興味があります。将来の仕事にもつながる学びを知りたいです。,official_program_synthetic,biz_management
企業を学びたいけれど、どの学部が近いかわかりません。,official_program_synthetic,biz_management
高校で組織が面白いと思いました。東洋大学だとどこが合いそうですか。,official_program_synthetic,biz_management
起業を使って社会に役立つことをしたいです。,official_program_synthetic,biz_management
戦略と社会科学の両方に興味があります。,official_program_synthetic,biz_management
将来はリーダーシップに関わる仕事がしたいです。,official_program_synthetic,biz_management
ビジネスを研究するならどの学科を見ればよいですか。,official_program_synthetic,biz_management
社会科学が好きですが、文系理系どちらで考えたらよいですか。,official_program_synthetic,biz_management
実践を学ぶ学科の雰囲気を知りたいです。,official_program_synthetic,biz_management
経営学部が好きです。大学ではどんな学科につながりますか。,official_program_synthetic,biz_management
経営学科に興味があります。将来の仕事にもつながる学びを知りたいです。,official_program_synthetic,biz_management
マーケティングが好きです。大学ではどんな学科につながりますか。,official_program_synthetic,biz_marketing
消費者心理に興味があります。将来の仕事にもつながる学びを知りたいです。,official_program_synthetic,biz_marketing
広告を学びたいけれど、どの学部が近いかわかりません。,official_program_synthetic,biz_marketing
高校でブランドが面白いと思いました。東洋大学だとどこが合いそうですか。,official_program_synthetic,biz_marketing
商品企画を使って社会に役立つことをしたいです。,official_program_synthetic,biz_marketing
データ分析と心理の両方に興味があります。,official_program_synthetic,biz_marketing
将来はSNSに関わる仕事がしたいです。,official_program_synthetic,biz_marketing
ビジネスを研究するならどの学科を見ればよいですか。,official_program_synthetic,biz_marketing
心理が好きですが、文系理系どちらで考えたらよいですか。,official_program_synthetic,biz_marketing
データを学ぶ学科の雰囲気を知りたいです。,official_program_synthetic,biz_marketing
経営学部が好きです。大学ではどんな学科につながりますか。,official_program_synthetic,biz_marketing
マーケティング学科に興味があります。将来の仕事にもつながる学びを知りたいです。,official_program_synthetic,biz_marketing
マーケティングを学びたいけれど、どの学部が近いかわかりません。,official_program_synthetic,biz_marketing
高校で消費者心理が面白いと思いました。東洋大学だとどこが合いそうですか。,official_program_synthetic,biz_marketing
広告を使って社会に役立つことをしたいです。,official_program_synthetic,biz_marketing
ブランドとSNSの両方に興味があります。,official_program_synthetic,biz_marketing
将来は商品企画に関わる仕事がしたいです。,official_program_synthetic,biz_marketing
データ分析を研究するならどの学科を見ればよいですか。,official_program_synthetic,biz_marketing
SNSが好きですが、文系理系どちらで考えたらよいですか。,official_program_synthetic,biz_marketing
ビジネスを学ぶ学科の雰囲気を知りたいです。,official_program_synthetic,biz_marketing
心理が好きです。大学ではどんな学科につながりますか。,official_program_synthetic,biz_marketing
データに興味があります。将来の仕事にもつながる学びを知りたいです。,official_program_synthetic,biz_marketing
会計が好きです。大学ではどんな学科につながりますか。,official_program_synthetic,biz_accounting
ファイナンスに興味があります。将来の仕事にもつながる学びを知りたいです。,official_program_synthetic,biz_accounting
簿記を学びたいけれど、どの学部が近いかわかりません。,official_program_synthetic,biz_accounting
高校で金融が面白いと思いました。東洋大学だとどこが合いそうですか。,official_program_synthetic,biz_accounting
投資を使って社会に役立つことをしたいです。,official_program_synthetic,biz_accounting
企業分析と資格の両方に興味があります。,official_program_synthetic,biz_accounting
将来は税務に関わる仕事がしたいです。,official_program_synthetic,biz_accounting
ビジネスを研究するならどの学科を見ればよいですか。,official_program_synthetic,biz_accounting
資格が好きですが、文系理系どちらで考えたらよいですか。,official_program_synthetic,biz_accounting
経営学部を学ぶ学科の雰囲気を知りたいです。,official_program_synthetic,biz_accounting
会計ファイナンス学科が好きです。大学ではどんな学科につながりますか。,official_program_synthetic,biz_accounting
会計に興味があります。将来の仕事にもつながる学びを知りたいです。,official_program_synthetic,biz_accounting
ファイナンスを学びたいけれど、どの学部が近いかわかりません。,official_program_synthetic,biz_accounting
高校で簿記が面白いと思いました。東洋大学だとどこが合いそうですか。,official_program_synthetic,biz_accounting
金融を使って社会に役立つことをしたいです。,official_program_synthetic,biz_accounting
投資とビジネスの両方に興味があります。,official_program_synthetic,biz_accounting
将来は企業分析に関わる仕事がしたいです。,official_program_synthetic,biz_accounting
税務を研究するならどの学科を見ればよいですか。,official_program_synthetic,biz_accounting
ビジネスが好きですが、文系理系どちらで考えたらよいですか。,official_program_synthetic,biz_accounting
資格を学ぶ学科の雰囲気を知りたいです。,official_program_synthetic,biz_accounting
経営学部が好きです。大学ではどんな学科につながりますか。,official_program_synthetic,biz_accounting
会計ファイナンス学科に興味があります。将来の仕事にもつながる学びを知りたいです。,official_program_synthetic,biz_accounting
法律が好きです。大学ではどんな学科につながりますか。,official_program_synthetic,law_law
裁判に興味があります。将来の仕事にもつながる学びを知りたいです。,official_program_synthetic,law_law
憲法を学びたいけれど、どの学部が近いかわかりません。,official_program_synthetic,law_law
高校で民法が面白いと思いました。東洋大学だとどこが合いそうですか。,official_program_synthetic,law_law
刑法を使って社会に役立つことをしたいです。,official_program_synthetic,law_law
行政と資格の両方に興味があります。,official_program_synthetic,law_law
将来は公務員に関わる仕事がしたいです。,official_program_synthetic,law_law
公共を研究するならどの学科を見ればよいですか。,official_program_synthetic,law_law
資格が好きですが、文系理系どちらで考えたらよいですか。,official_program_synthetic,law_law
法学部を学ぶ学科の雰囲気を知りたいです。,official_program_synthetic,law_law
法律学科が好きです。大学ではどんな学科につながりますか。,official_program_synthetic,law_law
法律に興味があります。将来の仕事にもつながる学びを知りたいです。,official_program_synthetic,law_law
裁判を学びたいけれど、どの学部が近いかわかりません。,official_program_synthetic,law_law
高校で憲法が面白いと思いました。東洋大学だとどこが合いそうですか。,official_program_synthetic,law_law
民法を使って社会に役立つことをしたいです。,official_program_synthetic,law_law
刑法と公共の両方に興味があります。,official_program_synthetic,law_law
将来は行政に関わる仕事がしたいです。,official_program_synthetic,law_law
公務員を研究するならどの学科を見ればよいですか。,official_program_synthetic,law_law
公共が好きですが、文系理系どちらで考えたらよいですか。,official_program_synthetic,law_law
資格を学ぶ学科の雰囲気を知りたいです。,official_program_synthetic,law_law
法学部が好きです。大学ではどんな学科につながりますか。,official_program_synthetic,law_law
法律学科に興味があります。将来の仕事にもつながる学びを知りたいです。,official_program_synthetic,law_law
企業法が好きです。大学ではどんな学科につながりますか。,official_program_synthetic,law_business
ビジネス法に興味があります。将来の仕事にもつながる学びを知りたいです。,official_program_synthetic,law_business
知的財産を学びたいけれど、どの学部が近いかわかりません。,official_program_synthetic,law_business
高校で国際取引が面白いと思いました。東洋大学だとどこが合いそうですか。,official_program_synthetic,law_business
コンプライアンスを使って社会に役立つことをしたいです。,official_program_synthetic,law_business
法律と法学部の両方に興味があります。,official_program_synthetic,law_business
将来はビジネスに関わる仕事がしたいです。,official_program_synthetic,law_business
国際を研究するならどの学科を見ればよいですか。,official_program_synthetic,law_business
法学部が好きですが、文系理系どちらで考えたらよいですか。,official_program_synthetic,law_business
企業法学科を学ぶ学科の雰囲気を知りたいです。,official_program_synthetic,law_business
企業法が好きです。大学ではどんな学科につながりますか。,official_program_synthetic,law_business
ビジネス法に興味があります。将来の仕事にもつながる学びを知りたいです。,official_program_synthetic,law_business
知的財産を学びたいけれど、どの学部が近いかわかりません。,official_program_synthetic,law_business
高校で国際取引が面白いと思いました。東洋大学だとどこが合いそうですか。,official_program_synthetic,law_business
コンプライアンスを使って社会に役立つことをしたいです。,official_program_synthetic,law_business
法律と法学部の両方に興味があります。,official_program_synthetic,law_business
将来はビジネスに関わる仕事がしたいです。,official_program_synthetic,law_business
国際を研究するならどの学科を見ればよいですか。,official_program_synthetic,law_business
法学部が好きですが、文系理系どちらで考えたらよいですか。,official_program_synthetic,law_business
企業法学科を学ぶ学科の雰囲気を知りたいです。,official_program_synthetic,law_business
企業法が好きです。大学ではどんな学科につながりますか。,official_program_synthetic,law_business
ビジネス法に興味があります。将来の仕事にもつながる学びを知りたいです。,official_program_synthetic,law_business
社会学が好きです。大学ではどんな学科につながりますか。,official_program_synthetic,soc_sociology
社会課題に興味があります。将来の仕事にもつながる学びを知りたいです。,official_program_synthetic,soc_sociology
地域を学びたいけれど、どの学部が近いかわかりません。,official_program_synthetic,soc_sociology
高校で格差が面白いと思いました。東洋大学だとどこが合いそうですか。,official_program_synthetic,soc_sociology
家族を使って社会に役立つことをしたいです。,official_program_synthetic,soc_sociology
ジェンダーと社会学部の両方に興味があります。,official_program_synthetic,soc_sociology
将来は調査に関わる仕事がしたいです。,official_program_synthetic,soc_sociology
社会科学を研究するならどの学科を見ればよいですか。,official_program_synthetic,soc_sociology
社会学部が好きですが、文系理系どちらで考えたらよいですか。,official_program_synthetic,soc_sociology
社会学科を学ぶ学科の雰囲気を知りたいです。,official_program_synthetic,soc_sociology
社会学が好きです。大学ではどんな学科につながりますか。,official_program_synthetic,soc_sociology
社会課題に興味があります。将来の仕事にもつながる学びを知りたいです。,official_program_synthetic,soc_sociology
地域を学びたいけれど、どの学部が近いかわかりません。,official_program_synthetic,soc_sociology
高校で格差が面白いと思いました。東洋大学だとどこが合いそうですか。,official_program_synthetic,soc_sociology
家族を使って社会に役立つことをしたいです。,official_program_synthetic,soc_sociology
ジェンダーと社会学部の両方に興味があります。,official_program_synthetic,soc_sociology
将来は調査に関わる仕事がしたいです。,official_program_synthetic,soc_sociology
社会科学を研究するならどの学科を見ればよいですか。,official_program_synthetic,soc_sociology
社会学部が好きですが、文系理系どちらで考えたらよいですか。,official_program_synthetic,soc_sociology
社会学科を学ぶ学科の雰囲気を知りたいです。,official_program_synthetic,soc_sociology
社会学が好きです。大学ではどんな学科につながりますか。,official_program_synthetic,soc_sociology
社会課題に興味があります。将来の仕事にもつながる学びを知りたいです。,official_program_synthetic,soc_sociology
国際社会が好きです。大学ではどんな学科につながりますか。,official_program_synthetic,soc_global
多文化に興味があります。将来の仕事にもつながる学びを知りたいです。,official_program_synthetic,soc_global
移民を学びたいけれど、どの学部が近いかわかりません。,official_program_synthetic,soc_global
高校で共生が面白いと思いました。東洋大学だとどこが合いそうですか。,official_program_synthetic,soc_global
グローバルを使って社会に役立つことをしたいです。,official_program_synthetic,soc_global
社会課題と社会科学の両方に興味があります。,official_program_synthetic,soc_global
将来は英語に関わる仕事がしたいです。,official_program_synthetic,soc_global
国際を研究するならどの学科を見ればよいですか。,official_program_synthetic,soc_global
社会科学が好きですが、文系理系どちらで考えたらよいですか。,official_program_synthetic,soc_global
社会学部を学ぶ学科の雰囲気を知りたいです。,official_program_synthetic,soc_global
国際社会学科が好きです。大学ではどんな学科につながりますか。,official_program_synthetic,soc_global
国際社会に興味があります。将来の仕事にもつながる学びを知りたいです。,official_program_synthetic,soc_global
多文化を学びたいけれど、どの学部が近いかわかりません。,official_program_synthetic,soc_global
高校で移民が面白いと思いました。東洋大学だとどこが合いそうですか。,official_program_synthetic,soc_global
共生を使って社会に役立つことをしたいです。,official_program_synthetic,soc_global
グローバルと国際の両方に興味があります。,official_program_synthetic,soc_global
将来は社会課題に関わる仕事がしたいです。,official_program_synthetic,soc_global
英語を研究するならどの学科を見ればよいですか。,official_program_synthetic,soc_global
国際が好きですが、文系理系どちらで考えたらよいですか。,official_program_synthetic,soc_global
社会科学を学ぶ学科の雰囲気を知りたいです。,official_program_synthetic,soc_global
社会学部が好きです。大学ではどんな学科につながりますか。,official_program_synthetic,soc_global
国際社会学科に興味があります。将来の仕事にもつながる学びを知りたいです。,official_program_synthetic,soc_global
メディアが好きです。大学ではどんな学科につながりますか。,official_program_synthetic,soc_media
SNSに興味があります。将来の仕事にもつながる学びを知りたいです。,official_program_synthetic,soc_media
映像を学びたいけれど、どの学部が近いかわかりません。,official_program_synthetic,soc_media
高校で広告が面白いと思いました。東洋大学だとどこが合いそうですか。,official_program_synthetic,soc_media
ジャーナリズムを使って社会に役立つことをしたいです。,official_program_synthetic,soc_media
情報発信と社会科学の両方に興味があります。,official_program_synthetic,soc_media
将来はコミュニケーションに関わる仕事がしたいです。,official_program_synthetic,soc_media
表現を研究するならどの学科を見ればよいですか。,official_program_synthetic,soc_media
社会科学が好きですが、文系理系どちらで考えたらよいですか。,official_program_synthetic,soc_media
社会学部を学ぶ学科の雰囲気を知りたいです。,official_program_synthetic,soc_media
メディアコミュニケーション学科が好きです。大学ではどんな学科につながりますか。,official_program_synthetic,soc_media
メディアに興味があります。将来の仕事にもつながる学びを知りたいです。,official_program_synthetic,soc_media
SNSを学びたいけれど、どの学部が近いかわかりません。,official_program_synthetic,soc_media
高校で映像が面白いと思いました。東洋大学だとどこが合いそうですか。,official_program_synthetic,soc_media
広告を使って社会に役立つことをしたいです。,official_program_synthetic,soc_media
ジャーナリズムと表現の両方に興味があります。,official_program_synthetic,soc_media
将来は情報発信に関わる仕事がしたいです。,official_program_synthetic,soc_media
コミュニケーションを研究するならどの学科を見ればよいですか。,official_program_synthetic,soc_media
表現が好きですが、文系理系どちらで考えたらよいですか。,official_program_synthetic,soc_media
社会科学を学ぶ学科の雰囲気を知りたいです。,official_program_synthetic,soc_media
社会学部が好きです。大学ではどんな学科につながりますか。,official_program_synthetic,soc_media
メディアコミュニケーション学科に興味があります。将来の仕事にもつながる学びを知りたいです。,official_program_synthetic,soc_media
心理学が好きです。大学ではどんな学科につながりますか。,official_program_synthetic,soc_psychology
社会心理に興味があります。将来の仕事にもつながる学びを知りたいです。,official_program_synthetic,soc_psychology
人間関係を学びたいけれど、どの学部が近いかわかりません。,official_program_synthetic,soc_psychology
高校で行動が面白いと思いました。東洋大学だとどこが合いそうですか。,official_program_synthetic,soc_psychology
感情を使って社会に役立つことをしたいです。,official_program_synthetic,soc_psychology
調査と社会科学の両方に興味があります。,official_program_synthetic,soc_psychology
将来はデータに関わる仕事がしたいです。,official_program_synthetic,soc_psychology
心理を研究するならどの学科を見ればよいですか。,official_program_synthetic,soc_psychology
社会科学が好きですが、文系理系どちらで考えたらよいですか。,official_program_synthetic,soc_psychology
社会学部を学ぶ学科の雰囲気を知りたいです。,official_program_synthetic,soc_psychology
社会心理学科が好きです。大学ではどんな学科につながりますか。,official_program_synthetic,soc_psychology
心理学に興味があります。将来の仕事にもつながる学びを知りたいです。,official_program_synthetic,soc_psychology
社会心理を学びたいけれど、どの学部が近いかわかりません。,official_program_synthetic,soc_psychology
高校で人間関係が面白いと思いました。東洋大学だとどこが合いそうですか。,official_program_synthetic,soc_psychology
行動を使って社会に役立つことをしたいです。,official_program_synthetic,soc_psychology
感情と心理の両方に興味があります。,official_program_synthetic,soc_psychology
将来は調査に関わる仕事がしたいです。,official_program_synthetic,soc_psychology
データを研究するならどの学科を見ればよいですか。,official_program_synthetic,soc_psychology
心理が好きですが、文系理系どちらで考えたらよいですか。,official_program_synthetic,soc_psychology
社会科学を学ぶ学科の雰囲気を知りたいです。,official_program_synthetic,soc_psychology
社会学部が好きです。大学ではどんな学科につながりますか。,official_program_synthetic,soc_psychology
社会心理学科に興味があります。将来の仕事にもつながる学びを知りたいです。,official_program_synthetic,soc_psychology
国際が好きです。大学ではどんな学科につながりますか。,official_program_synthetic,global_ginno
イノベーションに興味があります。将来の仕事にもつながる学びを知りたいです。,official_program_synthetic,global_ginno
英語を学びたいけれど、どの学部が近いかわかりません。,official_program_synthetic,global_ginno
高校で起業が面白いと思いました。東洋大学だとどこが合いそうですか。,official_program_synthetic,global_ginno
課題解決を使って社会に役立つことをしたいです。,official_program_synthetic,global_ginno
リーダーシップと実践の両方に興味があります。,official_program_synthetic,global_ginno
将来はグローバルに関わる仕事がしたいです。,official_program_synthetic,global_ginno
ビジネスを研究するならどの学科を見ればよいですか。,official_program_synthetic,global_ginno
実践が好きですが、文系理系どちらで考えたらよいですか。,official_program_synthetic,global_ginno
国際学部を学ぶ学科の雰囲気を知りたいです。,official_program_synthetic,global_ginno
グローバル・イノベーション学科が好きです。大学ではどんな学科につながりますか。,official_program_synthetic,global_ginno
国際に興味があります。将来の仕事にもつながる学びを知りたいです。,official_program_synthetic,global_ginno
イノベーションを学びたいけれど、どの学部が近いかわかりません。,official_program_synthetic,global_ginno
高校で英語が面白いと思いました。東洋大学だとどこが合いそうですか。,official_program_synthetic,global_ginno
起業を使って社会に役立つことをしたいです。,official_program_synthetic,global_ginno
課題解決とビジネスの両方に興味があります。,official_program_synthetic,global_ginno
将来はリーダーシップに関わる仕事がしたいです。,official_program_synthetic,global_ginno
グローバルを研究するならどの学科を見ればよいですか。,official_program_synthetic,global_ginno
ビジネスが好きですが、文系理系どちらで考えたらよいですか。,official_program_synthetic,global_ginno
実践を学ぶ学科の雰囲気を知りたいです。,official_program_synthetic,global_ginno
国際学部が好きです。大学ではどんな学科につながりますか。,official_program_synthetic,global_ginno
グローバル・イノベーション学科に興味があります。将来の仕事にもつながる学びを知りたいです。,official_program_synthetic,global_ginno
国際地域が好きです。大学ではどんな学科につながりますか。,official_program_synthetic,global_regional
開発に興味があります。将来の仕事にもつながる学びを知りたいです。,official_program_synthetic,global_regional
地域を学びたいけれど、どの学部が近いかわかりません。,official_program_synthetic,global_regional
高校で国際協力が面白いと思いました。東洋大学だとどこが合いそうですか。,official_program_synthetic,global_regional
多文化を使って社会に役立つことをしたいです。,official_program_synthetic,global_regional
観光と社会課題の両方に興味があります。,official_program_synthetic,global_regional
将来は政策に関わる仕事がしたいです。,official_program_synthetic,global_regional
国際を研究するならどの学科を見ればよいですか。,official_program_synthetic,global_regional
社会課題が好きですが、文系理系どちらで考えたらよいですか。,official_program_synthetic,global_regional
国際学部を学ぶ学科の雰囲気を知りたいです。,official_program_synthetic,global_regional
国際地域学科 国際地域専攻が好きです。大学ではどんな学科につながりますか。,official_program_synthetic,global_regional
国際地域に興味があります。将来の仕事にもつながる学びを知りたいです。,official_program_synthetic,global_regional
開発を学びたいけれど、どの学部が近いかわかりません。,official_program_synthetic,global_regional
高校で地域が面白いと思いました。東洋大学だとどこが合いそうですか。,official_program_synthetic,global_regional
国際協力を使って社会に役立つことをしたいです。,official_program_synthetic,global_regional
多文化と国際の両方に興味があります。,official_program_synthetic,global_regional
将来は観光に関わる仕事がしたいです。,official_program_synthetic,global_regional
政策を研究するならどの学科を見ればよいですか。,official_program_synthetic,global_regional
国際が好きですが、文系理系どちらで考えたらよいですか。,official_program_synthetic,global_regional
社会課題を学ぶ学科の雰囲気を知りたいです。,official_program_synthetic,global_regional
国際学部が好きです。大学ではどんな学科につながりますか。,official_program_synthetic,global_regional
国際地域学科 国際地域専攻に興味があります。将来の仕事にもつながる学びを知りたいです。,official_program_synthetic,global_regional
観光が好きです。大学ではどんな学科につながりますか。,official_program_synthetic,tourism
ホテルに興味があります。将来の仕事にもつながる学びを知りたいです。,official_program_synthetic,tourism
旅行を学びたいけれど、どの学部が近いかわかりません。,official_program_synthetic,tourism
高校で地域振興が面白いと思いました。東洋大学だとどこが合いそうですか。,official_program_synthetic,tourism
文化を使って社会に役立つことをしたいです。,official_program_synthetic,tourism
ホスピタリティと国際観光学部の両方に興味があります。,official_program_synthetic,tourism
将来は国際に関わる仕事がしたいです。,official_program_synthetic,tourism
地域を研究するならどの学科を見ればよいですか。,official_program_synthetic,tourism
国際観光学部が好きですが、文系理系どちらで考えたらよいですか。,official_program_synthetic,tourism
国際観光学科を学ぶ学科の雰囲気を知りたいです。,official_program_synthetic,tourism
観光が好きです。大学ではどんな学科につながりますか。,official_program_synthetic,tourism
ホテルに興味があります。将来の仕事にもつながる学びを知りたいです。,official_program_synthetic,tourism
旅行を学びたいけれど、どの学部が近いかわかりません。,official_program_synthetic,tourism
高校で地域振興が面白いと思いました。東洋大学だとどこが合いそうですか。,official_program_synthetic,tourism
文化を使って社会に役立つことをしたいです。,official_program_synthetic,tourism
ホスピタリティと国際観光学部の両方に興味があります。,official_program_synthetic,tourism
将来は国際に関わる仕事がしたいです。,official_program_synthetic,tourism
地域を研究するならどの学科を見ればよいですか。,official_program_synthetic,tourism
国際観光学部が好きですが、文系理系どちらで考えたらよいですか。,official_program_synthetic,tourism
国際観光学科を学ぶ学科の雰囲気を知りたいです。,official_program_synthetic,tourism
観光が好きです。大学ではどんな学科につながりますか。,official_program_synthetic,tourism
ホテルに興味があります。将来の仕事にもつながる学びを知りたいです。,official_program_synthetic,tourism
情報が好きです。大学ではどんな学科につながりますか。,official_program_synthetic,ini
プログラミングに興味があります。将来の仕事にもつながる学びを知りたいです。,official_program_synthetic,ini
AIを学びたいけれど、どの学部が近いかわかりません。,official_program_synthetic,ini
高校でデザインが面白いと思いました。東洋大学だとどこが合いそうですか。,official_program_synthetic,ini
データを使って社会に役立つことをしたいです。,official_program_synthetic,ini
IoTと情報連携学科の両方に興味があります。,official_program_synthetic,ini
将来はUXに関わる仕事がしたいです。,official_program_synthetic,ini
情報連携学部を研究するならどの学科を見ればよいですか。,official_program_synthetic,ini
情報連携学科が好きですが、文系理系どちらで考えたらよいですか。,official_program_synthetic,ini
情報を学ぶ学科の雰囲気を知りたいです。,official_program_synthetic,ini
プログラミングが好きです。大学ではどんな学科につながりますか。,official_program_synthetic,ini
AIに興味があります。将来の仕事にもつながる学びを知りたいです。,official_program_synthetic,ini
デザインを学びたいけれど、どの学部が近いかわかりません。,official_program_synthetic,ini
高校でデータが面白いと思いました。東洋大学だとどこが合いそうですか。,official_program_synthetic,ini
IoTを使って社会に役立つことをしたいです。,official_program_synthetic,ini
UXと情報の両方に興味があります。,official_program_synthetic,ini
将来は情報連携学部に関わる仕事がしたいです。,official_program_synthetic,ini
情報連携学科を研究するならどの学科を見ればよいですか。,official_program_synthetic,ini
情報が好きですが、文系理系どちらで考えたらよいですか。,official_program_synthetic,ini
プログラミングを学ぶ学科の雰囲気を知りたいです。,official_program_synthetic,ini
AIが好きです。大学ではどんな学科につながりますか。,official_program_synthetic,ini
デザインに興味があります。将来の仕事にもつながる学びを知りたいです。,official_program_synthetic,ini
福祉が好きです。大学ではどんな学科につながりますか。,official_program_synthetic,welfare_social
社会福祉士に興味があります。将来の仕事にもつながる学びを知りたいです。,official_program_synthetic,welfare_social
相談支援を学びたいけれど、どの学部が近いかわかりません。,official_program_synthetic,welfare_social
高校で共生が面白いと思いました。東洋大学だとどこが合いそうですか。,official_program_synthetic,welfare_social
高齢者を使って社会に役立つことをしたいです。,official_program_synthetic,welfare_social
障害と社会課題の両方に興味があります。,official_program_synthetic,welfare_social
将来は地域に関わる仕事がしたいです。,official_program_synthetic,welfare_social
資格を研究するならどの学科を見ればよいですか。,official_program_synthetic,welfare_social
社会課題が好きですが、文系理系どちらで考えたらよいですか。,official_program_synthetic,welfare_social
福祉社会デザイン学部を学ぶ学科の雰囲気を知りたいです。,official_program_synthetic,welfare_social
社会福祉学科が好きです。大学ではどんな学科につながりますか。,official_program_synthetic,welfare_social
福祉に興味があります。将来の仕事にもつながる学びを知りたいです。,official_program_synthetic,welfare_social
社会福祉士を学びたいけれど、どの学部が近いかわかりません。,official_program_synthetic,welfare_social
高校で相談支援が面白いと思いました。東洋大学だとどこが合いそうですか。,official_program_synthetic,welfare_social
共生を使って社会に役立つことをしたいです。,official_program_synthetic,welfare_social
高齢者と資格の両方に興味があります。,official_program_synthetic,welfare_social
将来は障害に関わる仕事がしたいです。,official_program_synthetic,welfare_social
地域を研究するならどの学科を見ればよいですか。,official_program_synthetic,welfare_social
資格が好きですが、文系理系どちらで考えたらよいですか。,official_program_synthetic,welfare_social
社会課題を学ぶ学科の雰囲気を知りたいです。,official_program_synthetic,welfare_social
福祉社会デザイン学部が好きです。大学ではどんな学科につながりますか。,official_program_synthetic,welfare_social
社会福祉学科に興味があります。将来の仕事にもつながる学びを知りたいです。,official_program_synthetic,welfare_social
子どもが好きです。大学ではどんな学科につながりますか。,official_program_synthetic,welfare_child
保育に興味があります。将来の仕事にもつながる学びを知りたいです。,official_program_synthetic,welfare_child
家庭を学びたいけれど、どの学部が近いかわかりません。,official_program_synthetic,welfare_child
高校で教育が面白いと思いました。東洋大学だとどこが合いそうですか。,official_program_synthetic,welfare_child
支援を使って社会に役立つことをしたいです。,official_program_synthetic,welfare_child
発達と子ども支援学科の両方に興味があります。,official_program_synthetic,welfare_child
将来は福祉に関わる仕事がしたいです。,official_program_synthetic,welfare_child
福祉社会デザイン学部を研究するならどの学科を見ればよいですか。,official_program_synthetic,welfare_child
子ども支援学科が好きですが、文系理系どちらで考えたらよいですか。,official_program_synthetic,welfare_child
子どもを学ぶ学科の雰囲気を知りたいです。,official_program_synthetic,welfare_child
保育が好きです。大学ではどんな学科につながりますか。,official_program_synthetic,welfare_child
家庭に興味があります。将来の仕事にもつながる学びを知りたいです。,official_program_synthetic,welfare_child
教育を学びたいけれど、どの学部が近いかわかりません。,official_program_synthetic,welfare_child
高校で支援が面白いと思いました。東洋大学だとどこが合いそうですか。,official_program_synthetic,welfare_child
発達を使って社会に役立つことをしたいです。,official_program_synthetic,welfare_child
福祉と子どもの両方に興味があります。,official_program_synthetic,welfare_child
将来は福祉社会デザイン学部に関わる仕事がしたいです。,official_program_synthetic,welfare_child
子ども支援学科を研究するならどの学科を見ればよいですか。,official_program_synthetic,welfare_child
子どもが好きですが、文系理系どちらで考えたらよいですか。,official_program_synthetic,welfare_child
保育を学ぶ学科の雰囲気を知りたいです。,official_program_synthetic,welfare_child
家庭が好きです。大学ではどんな学科につながりますか。,official_program_synthetic,welfare_child
教育に興味があります。将来の仕事にもつながる学びを知りたいです。,official_program_synthetic,welfare_child
デザインが好きです。大学ではどんな学科につながりますか。,official_program_synthetic,welfare_design
住環境に興味があります。将来の仕事にもつながる学びを知りたいです。,official_program_synthetic,welfare_design
福祉を学びたいけれど、どの学部が近いかわかりません。,official_program_synthetic,welfare_design
高校で建築が面白いと思いました。東洋大学だとどこが合いそうですか。,official_program_synthetic,welfare_design
ユニバーサルデザインを使って社会に役立つことをしたいです。,official_program_synthetic,welfare_design
まちづくりとデザインの両方に興味があります。,official_program_synthetic,welfare_design
将来は福祉社会デザイン学部に関わる仕事がしたいです。,official_program_synthetic,welfare_design
人間環境デザイン学科を研究するならどの学科を見ればよいですか。,official_program_synthetic,welfare_design
デザインが好きですが、文系理系どちらで考えたらよいですか。,official_program_synthetic,welfare_design
住環境を学ぶ学科の雰囲気を知りたいです。,official_program_synthetic,welfare_design
福祉が好きです。大学ではどんな学科につながりますか。,official_program_synthetic,welfare_design
建築に興味があります。将来の仕事にもつながる学びを知りたいです。,official_program_synthetic,welfare_design
ユニバーサルデザインを学びたいけれど、どの学部が近いかわかりません。,official_program_synthetic,welfare_design
高校でまちづくりが面白いと思いました。東洋大学だとどこが合いそうですか。,official_program_synthetic,welfare_design
福祉社会デザイン学部を使って社会に役立つことをしたいです。,official_program_synthetic,welfare_design
人間環境デザイン学科と福祉の両方に興味があります。,official_program_synthetic,welfare_design
将来はデザインに関わる仕事がしたいです。,official_program_synthetic,welfare_design
住環境を研究するならどの学科を見ればよいですか。,official_program_synthetic,welfare_design
福祉が好きですが、文系理系どちらで考えたらよいですか。,official_program_synthetic,welfare_design
建築を学ぶ学科の雰囲気を知りたいです。,official_program_synthetic,welfare_design
ユニバーサルデザインが好きです。大学ではどんな学科につながりますか。,official_program_synthetic,welfare_design
まちづくりに興味があります。将来の仕事にもつながる学びを知りたいです。,official_program_synthetic,welfare_design
スポーツが好きです。大学ではどんな学科につながりますか。,official_program_synthetic,sports_health
健康に興味があります。将来の仕事にもつながる学びを知りたいです。,official_program_synthetic,sports_health
運動を学びたいけれど、どの学部が近いかわかりません。,official_program_synthetic,sports_health
高校でトレーニングが面白いと思いました。東洋大学だとどこが合いそうですか。,official_program_synthetic,sports_health
体育を使って社会に役立つことをしたいです。,official_program_synthetic,sports_health
コーチングと健康スポーツ科学部の両方に興味があります。,official_program_synthetic,sports_health
将来は科学に関わる仕事がしたいです。,official_program_synthetic,sports_health
教育を研究するならどの学科を見ればよいですか。,official_program_synthetic,sports_health
健康スポーツ科学部が好きですが、文系理系どちらで考えたらよいですか。,official_program_synthetic,sports_health
健康スポーツ科学科を学ぶ学科の雰囲気を知りたいです。,official_program_synthetic,sports_health
スポーツが好きです。大学ではどんな学科につながりますか。,official_program_synthetic,sports_health
健康に興味があります。将来の仕事にもつながる学びを知りたいです。,official_program_synthetic,sports_health
運動を学びたいけれど、どの学部が近いかわかりません。,official_program_synthetic,sports_health
高校でトレーニングが面白いと思いました。東洋大学だとどこが合いそうですか。,official_program_synthetic,sports_health
体育を使って社会に役立つことをしたいです。,official_program_synthetic,sports_health
コーチングと健康スポーツ科学部の両方に興味があります。,official_program_synthetic,sports_health
将来は科学に関わる仕事がしたいです。,official_program_synthetic,sports_health
教育を研究するならどの学科を見ればよいですか。,official_program_synthetic,sports_health
健康スポーツ科学部が好きですが、文系理系どちらで考えたらよいですか。,official_program_synthetic,sports_health
健康スポーツ科学科を学ぶ学科の雰囲気を知りたいです。,official_program_synthetic,sports_health
スポーツが好きです。大学ではどんな学科につながりますか。,official_program_synthetic,sports_health
健康に興味があります。将来の仕事にもつながる学びを知りたいです。,official_program_synthetic,sports_health
栄養が好きです。大学ではどんな学科につながりますか。,official_program_synthetic,sports_nutrition
食に興味があります。将来の仕事にもつながる学びを知りたいです。,official_program_synthetic,sports_nutrition
健康を学びたいけれど、どの学部が近いかわかりません。,official_program_synthetic,sports_nutrition
高校で管理栄養士が面白いと思いました。東洋大学だとどこが合いそうですか。,official_program_synthetic,sports_nutrition
スポーツ栄養を使って社会に役立つことをしたいです。,official_program_synthetic,sports_nutrition
食品と健康スポーツ科学部の両方に興味があります。,official_program_synthetic,sports_nutrition
将来は医療に関わる仕事がしたいです。,official_program_synthetic,sports_nutrition
資格を研究するならどの学科を見ればよいですか。,official_program_synthetic,sports_nutrition
健康スポーツ科学部が好きですが、文系理系どちらで考えたらよいですか。,official_program_synthetic,sports_nutrition
栄養科学科を学ぶ学科の雰囲気を知りたいです。,official_program_synthetic,sports_nutrition
栄養が好きです。大学ではどんな学科につながりますか。,official_program_synthetic,sports_nutrition
食に興味があります。将来の仕事にもつながる学びを知りたいです。,official_program_synthetic,sports_nutrition
健康を学びたいけれど、どの学部が近いかわかりません。,official_program_synthetic,sports_nutrition
高校で管理栄養士が面白いと思いました。東洋大学だとどこが合いそうですか。,official_program_synthetic,sports_nutrition
スポーツ栄養を使って社会に役立つことをしたいです。,official_program_synthetic,sports_nutrition
食品と健康スポーツ科学部の両方に興味があります。,official_program_synthetic,sports_nutrition
将来は医療に関わる仕事がしたいです。,official_program_synthetic,sports_nutrition
資格を研究するならどの学科を見ればよいですか。,official_program_synthetic,sports_nutrition
健康スポーツ科学部が好きですが、文系理系どちらで考えたらよいですか。,official_program_synthetic,sports_nutrition
栄養科学科を学ぶ学科の雰囲気を知りたいです。,official_program_synthetic,sports_nutrition
栄養が好きです。大学ではどんな学科につながりますか。,official_program_synthetic,sports_nutrition
食に興味があります。将来の仕事にもつながる学びを知りたいです。,official_program_synthetic,sports_nutrition
機械が好きです。大学ではどんな学科につながりますか。,official_program_synthetic,sci_mechanical
ロボットに興味があります。将来の仕事にもつながる学びを知りたいです。,official_program_synthetic,sci_mechanical
ものづくりを学びたいけれど、どの学部が近いかわかりません。,official_program_synthetic,sci_mechanical
高校で設計が面白いと思いました。東洋大学だとどこが合いそうですか。,official_program_synthetic,sci_mechanical
自動車を使って社会に役立つことをしたいです。,official_program_synthetic,sci_mechanical
エネルギーと物理の両方に興味があります。,official_program_synthetic,sci_mechanical
将来は材料に関わる仕事がしたいです。,official_program_synthetic,sci_mechanical
工学を研究するならどの学科を見ればよいですか。,official_program_synthetic,sci_mechanical
物理が好きですが、文系理系どちらで考えたらよいですか。,official_program_synthetic,sci_mechanical
理工学部を学ぶ学科の雰囲気を知りたいです。,official_program_synthetic,sci_mechanical
機械工学科が好きです。大学ではどんな学科につながりますか。,official_program_synthetic,sci_mechanical
機械に興味があります。将来の仕事にもつながる学びを知りたいです。,official_program_synthetic,sci_mechanical
ロボットを学びたいけれど、どの学部が近いかわかりません。,official_program_synthetic,sci_mechanical
高校でものづくりが面白いと思いました。東洋大学だとどこが合いそうですか。,official_program_synthetic,sci_mechanical
設計を使って社会に役立つことをしたいです。,official_program_synthetic,sci_mechanical
自動車と工学の両方に興味があります。,official_program_synthetic,sci_mechanical
将来はエネルギーに関わる仕事がしたいです。,official_program_synthetic,sci_mechanical
材料を研究するならどの学科を見ればよいですか。,official_program_synthetic,sci_mechanical
工学が好きですが、文系理系どちらで考えたらよいですか。,official_program_synthetic,sci_mechanical
物理を学ぶ学科の雰囲気を知りたいです。,official_program_synthetic,sci_mechanical
理工学部が好きです。大学ではどんな学科につながりますか。,official_program_synthetic,sci_mechanical
機械工学科に興味があります。将来の仕事にもつながる学びを知りたいです。,official_program_synthetic,sci_mechanical
電気が好きです。大学ではどんな学科につながりますか。,official_program_synthetic,sci_electrical
電子に興味があります。将来の仕事にもつながる学びを知りたいです。,official_program_synthetic,sci_electrical
情報を学びたいけれど、どの学部が近いかわかりません。,official_program_synthetic,sci_electrical
高校で通信が面白いと思いました。東洋大学だとどこが合いそうですか。,official_program_synthetic,sci_electrical
半導体を使って社会に役立つことをしたいです。,official_program_synthetic,sci_electrical
宇宙と物理の両方に興味があります。,official_program_synthetic,sci_electrical
将来はエネルギーに関わる仕事がしたいです。,official_program_synthetic,sci_electrical
工学を研究するならどの学科を見ればよいですか。,official_program_synthetic,sci_electrical
物理が好きですが、文系理系どちらで考えたらよいですか。,official_program_synthetic,sci_electrical
理工学部を学ぶ学科の雰囲気を知りたいです。,official_program_synthetic,sci_electrical
電気電子情報工学科が好きです。大学ではどんな学科につながりますか。,official_program_synthetic,sci_electrical
電気に興味があります。将来の仕事にもつながる学びを知りたいです。,official_program_synthetic,sci_electrical
電子を学びたいけれど、どの学部が近いかわかりません。,official_program_synthetic,sci_electrical
高校で情報が面白いと思いました。東洋大学だとどこが合いそうですか。,official_program_synthetic,sci_electrical
通信を使って社会に役立つことをしたいです。,official_program_synthetic,sci_electrical
半導体と工学の両方に興味があります。,official_program_synthetic,sci_electrical
将来は宇宙に関わる仕事がしたいです。,official_program_synthetic,sci_electrical
エネルギーを研究するならどの学科を見ればよいですか。,official_program_synthetic,sci_electrical
工学が好きですが、文系理系どちらで考えたらよいですか。,official_program_synthetic,sci_electrical
物理を学ぶ学科の雰囲気を知りたいです。,official_program_synthetic,sci_electrical
理工学部が好きです。大学ではどんな学科につながりますか。,official_program_synthetic,sci_electrical
電気電子情報工学科に興味があります。将来の仕事にもつながる学びを知りたいです。,official_program_synthetic,sci_electrical
化学が好きです。大学ではどんな学科につながりますか。,official_program_synthetic,sci_chemistry
材料に興味があります。将来の仕事にもつながる学びを知りたいです。,official_program_synthetic,sci_chemistry
環境を学びたいけれど、どの学部が近いかわかりません。,official_program_synthetic,sci_chemistry
高校で薬品が面白いと思いました。東洋大学だとどこが合いそうですか。,official_program_synthetic,sci_chemistry
実験を使って社会に役立つことをしたいです。,official_program_synthetic,sci_chemistry
分子と理工学部の両方に興味があります。,official_program_synthetic,sci_chemistry
将来はエネルギーに関わる仕事がしたいです。,official_program_synthetic,sci_chemistry
工学を研究するならどの学科を見ればよいですか。,official_program_synthetic,sci_chemistry
理工学部が好きですが、文系理系どちらで考えたらよいですか。,official_program_synthetic,sci_chemistry
応用化学科を学ぶ学科の雰囲気を知りたいです。,official_program_synthetic,sci_chemistry
化学が好きです。大学ではどんな学科につながりますか。,official_program_synthetic,sci_chemistry
材料に興味があります。将来の仕事にもつながる学びを知りたいです。,official_program_synthetic,sci_chemistry
環境を学びたいけれど、どの学部が近いかわかりません。,official_program_synthetic,sci_chemistry
高校で薬品が面白いと思いました。東洋大学だとどこが合いそうですか。,official_program_synthetic,sci_chemistry
実験を使って社会に役立つことをしたいです。,official_program_synthetic,sci_chemistry
分子と理工学部の両方に興味があります。,official_program_synthetic,sci_chemistry
将来はエネルギーに関わる仕事がしたいです。,official_program_synthetic,sci_chemistry
工学を研究するならどの学科を見ればよいですか。,official_program_synthetic,sci_chemistry
理工学部が好きですが、文系理系どちらで考えたらよいですか。,official_program_synthetic,sci_chemistry
応用化学科を学ぶ学科の雰囲気を知りたいです。,official_program_synthetic,sci_chemistry
化学が好きです。大学ではどんな学科につながりますか。,official_program_synthetic,sci_chemistry
材料に興味があります。将来の仕事にもつながる学びを知りたいです。,official_program_synthetic,sci_chemistry
都市が好きです。大学ではどんな学科につながりますか。,official_program_synthetic,sci_civil
土木に興味があります。将来の仕事にもつながる学びを知りたいです。,official_program_synthetic,sci_civil
環境を学びたいけれど、どの学部が近いかわかりません。,official_program_synthetic,sci_civil
高校でインフラが面白いと思いました。東洋大学だとどこが合いそうですか。,official_program_synthetic,sci_civil
防災を使って社会に役立つことをしたいです。,official_program_synthetic,sci_civil
交通と理工学部の両方に興味があります。,official_program_synthetic,sci_civil
将来はまちづくりに関わる仕事がしたいです。,official_program_synthetic,sci_civil
工学を研究するならどの学科を見ればよいですか。,official_program_synthetic,sci_civil
理工学部が好きですが、文系理系どちらで考えたらよいですか。,official_program_synthetic,sci_civil
都市環境デザイン学科を学ぶ学科の雰囲気を知りたいです。,official_program_synthetic,sci_civil
都市が好きです。大学ではどんな学科につながりますか。,official_program_synthetic,sci_civil
土木に興味があります。将来の仕事にもつながる学びを知りたいです。,official_program_synthetic,sci_civil
環境を学びたいけれど、どの学部が近いかわかりません。,official_program_synthetic,sci_civil
高校でインフラが面白いと思いました。東洋大学だとどこが合いそうですか。,official_program_synthetic,sci_civil
防災を使って社会に役立つことをしたいです。,official_program_synthetic,sci_civil
交通と理工学部の両方に興味があります。,official_program_synthetic,sci_civil
将来はまちづくりに関わる仕事がしたいです。,official_program_synthetic,sci_civil
工学を研究するならどの学科を見ればよいですか。,official_program_synthetic,sci_civil
理工学部が好きですが、文系理系どちらで考えたらよいですか。,official_program_synthetic,sci_civil
都市環境デザイン学科を学ぶ学科の雰囲気を知りたいです。,official_program_synthetic,sci_civil
都市が好きです。大学ではどんな学科につながりますか。,official_program_synthetic,sci_civil
土木に興味があります。将来の仕事にもつながる学びを知りたいです。,official_program_synthetic,sci_civil
建築が好きです。大学ではどんな学科につながりますか。,official_program_synthetic,sci_architecture
設計に興味があります。将来の仕事にもつながる学びを知りたいです。,official_program_synthetic,sci_architecture
住宅を学びたいけれど、どの学部が近いかわかりません。,official_program_synthetic,sci_architecture
高校で都市が面白いと思いました。東洋大学だとどこが合いそうですか。,official_program_synthetic,sci_architecture
デザインを使って社会に役立つことをしたいです。,official_program_synthetic,sci_architecture
構造と理工学部の両方に興味があります。,official_program_synthetic,sci_architecture
将来は環境に関わる仕事がしたいです。,official_program_synthetic,sci_architecture
工学を研究するならどの学科を見ればよいですか。,official_program_synthetic,sci_architecture
理工学部が好きですが、文系理系どちらで考えたらよいですか。,official_program_synthetic,sci_architecture
建築学科を学ぶ学科の雰囲気を知りたいです。,official_program_synthetic,sci_architecture
建築が好きです。大学ではどんな学科につながりますか。,official_program_synthetic,sci_architecture
設計に興味があります。将来の仕事にもつながる学びを知りたいです。,official_program_synthetic,sci_architecture
住宅を学びたいけれど、どの学部が近いかわかりません。,official_program_synthetic,sci_architecture
高校で都市が面白いと思いました。東洋大学だとどこが合いそうですか。,official_program_synthetic,sci_architecture
デザインを使って社会に役立つことをしたいです。,official_program_synthetic,sci_architecture
構造と理工学部の両方に興味があります。,official_program_synthetic,sci_architecture
将来は環境に関わる仕事がしたいです。,official_program_synthetic,sci_architecture
工学を研究するならどの学科を見ればよいですか。,official_program_synthetic,sci_architecture
理工学部が好きですが、文系理系どちらで考えたらよいですか。,official_program_synthetic,sci_architecture
建築学科を学ぶ学科の雰囲気を知りたいです。,official_program_synthetic,sci_architecture
建築が好きです。大学ではどんな学科につながりますか。,official_program_synthetic,sci_architecture
設計に興味があります。将来の仕事にもつながる学びを知りたいです。,official_program_synthetic,sci_architecture
メディアが好きです。大学ではどんな学科につながりますか。,official_program_synthetic,info_media
映像に興味があります。将来の仕事にもつながる学びを知りたいです。,official_program_synthetic,info_media
デザインを学びたいけれど、どの学部が近いかわかりません。,official_program_synthetic,info_media
高校で情報が面白いと思いました。東洋大学だとどこが合いそうですか。,official_program_synthetic,info_media
表現を使って社会に役立つことをしたいです。,official_program_synthetic,info_media
コンテンツと総合情報学科 メディア情報専攻の両方に興味があります。,official_program_synthetic,info_media
将来はデータに関わる仕事がしたいです。,official_program_synthetic,info_media
総合情報学部を研究するならどの学科を見ればよいですか。,official_program_synthetic,info_media
総合情報学科 メディア情報専攻が好きですが、文系理系どちらで考えたらよいですか。,official_program_synthetic,info_media
メディアを学ぶ学科の雰囲気を知りたいです。,official_program_synthetic,info_media
映像が好きです。大学ではどんな学科につながりますか。,official_program_synthetic,info_media
デザインに興味があります。将来の仕事にもつながる学びを知りたいです。,official_program_synthetic,info_media
情報を学びたいけれど、どの学部が近いかわかりません。,official_program_synthetic,info_media
高校で表現が面白いと思いました。東洋大学だとどこが合いそうですか。,official_program_synthetic,info_media
コンテンツを使って社会に役立つことをしたいです。,official_program_synthetic,info_media
データとメディアの両方に興味があります。,official_program_synthetic,info_media
将来は総合情報学部に関わる仕事がしたいです。,official_program_synthetic,info_media
総合情報学科 メディア情報専攻を研究するならどの学科を見ればよいですか。,official_program_synthetic,info_media
メディアが好きですが、文系理系どちらで考えたらよいですか。,official_program_synthetic,info_media
映像を学ぶ学科の雰囲気を知りたいです。,official_program_synthetic,info_media
デザインが好きです。大学ではどんな学科につながりますか。,official_program_synthetic,info_media
情報に興味があります。将来の仕事にもつながる学びを知りたいです。,official_program_synthetic,info_media
心理が好きです。大学ではどんな学科につながりますか。,official_program_synthetic,info_psych_sports
スポーツに興味があります。将来の仕事にもつながる学びを知りたいです。,official_program_synthetic,info_psych_sports
AIを学びたいけれど、どの学部が近いかわかりません。,official_program_synthetic,info_psych_sports
高校でデータサイエンスが面白いと思いました。東洋大学だとどこが合いそうですか。,official_program_synthetic,info_psych_sports
分析を使って社会に役立つことをしたいです。,official_program_synthetic,info_psych_sports
健康と総合情報学科 心理・スポーツ情報専攻の両方に興味があります。,official_program_synthetic,info_psych_sports
将来は情報に関わる仕事がしたいです。,official_program_synthetic,info_psych_sports
総合情報学部を研究するならどの学科を見ればよいですか。,official_program_synthetic,info_psych_sports
総合情報学科 心理・スポーツ情報専攻が好きですが、文系理系どちらで考えたらよいですか。,official_program_synthetic,info_psych_sports
心理を学ぶ学科の雰囲気を知りたいです。,official_program_synthetic,info_psych_sports
スポーツが好きです。大学ではどんな学科につながりますか。,official_program_synthetic,info_psych_sports
AIに興味があります。将来の仕事にもつながる学びを知りたいです。,official_program_synthetic,info_psych_sports
データサイエンスを学びたいけれど、どの学部が近いかわかりません。,official_program_synthetic,info_psych_sports
高校で分析が面白いと思いました。東洋大学だとどこが合いそうですか。,official_program_synthetic,info_psych_sports
健康を使って社会に役立つことをしたいです。,official_program_synthetic,info_psych_sports
情報と心理の両方に興味があります。,official_program_synthetic,info_psych_sports
将来は総合情報学部に関わる仕事がしたいです。,official_program_synthetic,info_psych_sports
総合情報学科 心理・スポーツ情報専攻を研究するならどの学科を見ればよいですか。,official_program_synthetic,info_psych_sports
心理が好きですが、文系理系どちらで考えたらよいですか。,official_program_synthetic,info_psych_sports
スポーツを学ぶ学科の雰囲気を知りたいです。,official_program_synthetic,info_psych_sports
AIが好きです。大学ではどんな学科につながりますか。,official_program_synthetic,info_psych_sports
データサイエンスに興味があります。将来の仕事にもつながる学びを知りたいです。,official_program_synthetic,info_psych_sports
システムが好きです。大学ではどんな学科につながりますか。,official_program_synthetic,info_system
プログラミングに興味があります。将来の仕事にもつながる学びを知りたいです。,official_program_synthetic,info_system
AIを学びたいけれど、どの学部が近いかわかりません。,official_program_synthetic,info_system
高校でデータが面白いと思いました。東洋大学だとどこが合いそうですか。,official_program_synthetic,info_system
ネットワークを使って社会に役立つことをしたいです。,official_program_synthetic,info_system
セキュリティと総合情報学部の両方に興味があります。,official_program_synthetic,info_system
将来は情報に関わる仕事がしたいです。,official_program_synthetic,info_system
工学を研究するならどの学科を見ればよいですか。,official_program_synthetic,info_system
総合情報学部が好きですが、文系理系どちらで考えたらよいですか。,official_program_synthetic,info_system
総合情報学科 システム情報専攻を学ぶ学科の雰囲気を知りたいです。,official_program_synthetic,info_system
システムが好きです。大学ではどんな学科につながりますか。,official_program_synthetic,info_system
プログラミングに興味があります。将来の仕事にもつながる学びを知りたいです。,official_program_synthetic,info_system
AIを学びたいけれど、どの学部が近いかわかりません。,official_program_synthetic,info_system
高校でデータが面白いと思いました。東洋大学だとどこが合いそうですか。,official_program_synthetic,info_system
ネットワークを使って社会に役立つことをしたいです。,official_program_synthetic,info_system
セキュリティと総合情報学部の両方に興味があります。,official_program_synthetic,info_system
将来は情報に関わる仕事がしたいです。,official_program_synthetic,info_system
工学を研究するならどの学科を見ればよいですか。,official_program_synthetic,info_system
総合情報学部が好きですが、文系理系どちらで考えたらよいですか。,official_program_synthetic,info_system
総合情報学科 システム情報専攻を学ぶ学科の雰囲気を知りたいです。,official_program_synthetic,info_system
システムが好きです。大学ではどんな学科につながりますか。,official_program_synthetic,info_system
プログラミングに興味があります。将来の仕事にもつながる学びを知りたいです。,official_program_synthetic,info_system
環境が好きです。大学ではどんな学科につながりますか。,official_program_synthetic,env_innovation
地球に興味があります。将来の仕事にもつながる学びを知りたいです。,official_program_synthetic,env_innovation
フィールドを学びたいけれど、どの学部が近いかわかりません。,official_program_synthetic,env_innovation
高校でサステナビリティが面白いと思いました。東洋大学だとどこが合いそうですか。,official_program_synthetic,env_innovation
気候変動を使って社会に役立つことをしたいです。,official_program_synthetic,env_innovation
資源と社会課題の両方に興味があります。,official_program_synthetic,env_innovation
将来は政策に関わる仕事がしたいです。,official_program_synthetic,env_innovation
国際を研究するならどの学科を見ればよいですか。,official_program_synthetic,env_innovation
社会課題が好きですが、文系理系どちらで考えたらよいですか。,official_program_synthetic,env_innovation
環境イノベーション学部を学ぶ学科の雰囲気を知りたいです。,official_program_synthetic,env_innovation
環境イノベーション学科が好きです。大学ではどんな学科につながりますか。,official_program_synthetic,env_innovation
環境に興味があります。将来の仕事にもつながる学びを知りたいです。,official_program_synthetic,env_innovation
地球を学びたいけれど、どの学部が近いかわかりません。,official_program_synthetic,env_innovation
高校でフィールドが面白いと思いました。東洋大学だとどこが合いそうですか。,official_program_synthetic,env_innovation
サステナビリティを使って社会に役立つことをしたいです。,official_program_synthetic,env_innovation
気候変動と国際の両方に興味があります。,official_program_synthetic,env_innovation
将来は資源に関わる仕事がしたいです。,official_program_synthetic,env_innovation
政策を研究するならどの学科を見ればよいですか。,official_program_synthetic,env_innovation
国際が好きですが、文系理系どちらで考えたらよいですか。,official_program_synthetic,env_innovation
社会課題を学ぶ学科の雰囲気を知りたいです。,official_program_synthetic,env_innovation
環境イノベーション学部が好きです。大学ではどんな学科につながりますか。,official_program_synthetic,env_innovation
環境イノベーション学科に興味があります。将来の仕事にもつながる学びを知りたいです。,official_program_synthetic,env_innovation
生命科学が好きです。大学ではどんな学科につながりますか。,official_program_synthetic,life_science
動物に興味があります。将来の仕事にもつながる学びを知りたいです。,official_program_synthetic,life_science
細胞を学びたいけれど、どの学部が近いかわかりません。,official_program_synthetic,life_science
高校で遺伝子が面白いと思いました。東洋大学だとどこが合いそうですか。,official_program_synthetic,life_science
環境を使って社会に役立つことをしたいです。,official_program_synthetic,life_science
生態と生命科学部の両方に興味があります。,official_program_synthetic,life_science
将来は微生物に関わる仕事がしたいです。,official_program_synthetic,life_science
実験を研究するならどの学科を見ればよいですか。,official_program_synthetic,life_science
生命科学部が好きですが、文系理系どちらで考えたらよいですか。,official_program_synthetic,life_science
生命科学科を学ぶ学科の雰囲気を知りたいです。,official_program_synthetic,life_science
生命科学が好きです。大学ではどんな学科につながりますか。,official_program_synthetic,life_science
動物に興味があります。将来の仕事にもつながる学びを知りたいです。,official_program_synthetic,life_science
細胞を学びたいけれど、どの学部が近いかわかりません。,official_program_synthetic,life_science
高校で遺伝子が面白いと思いました。東洋大学だとどこが合いそうですか。,official_program_synthetic,life_science
環境を使って社会に役立つことをしたいです。,official_program_synthetic,life_science
生態と生命科学部の両方に興味があります。,official_program_synthetic,life_science
将来は微生物に関わる仕事がしたいです。,official_program_synthetic,life_science
実験を研究するならどの学科を見ればよいですか。,official_program_synthetic,life_science
生命科学部が好きですが、文系理系どちらで考えたらよいですか。,official_program_synthetic,life_science
生命科学科を学ぶ学科の雰囲気を知りたいです。,official_program_synthetic,life_science
生命科学が好きです。大学ではどんな学科につながりますか。,official_program_synthetic,life_science
動物に興味があります。将来の仕事にもつながる学びを知りたいです。,official_program_synthetic,life_science
医療が好きです。大学ではどんな学科につながりますか。,official_program_synthetic,life_biomedical
工学に興味があります。将来の仕事にもつながる学びを知りたいです。,official_program_synthetic,life_biomedical
健康を学びたいけれど、どの学部が近いかわかりません。,official_program_synthetic,life_biomedical
高校でリハビリが面白いと思いました。東洋大学だとどこが合いそうですか。,official_program_synthetic,life_biomedical
医療機器を使って社会に役立つことをしたいです。,official_program_synthetic,life_biomedical
データと生体医工学科の両方に興味があります。,official_program_synthetic,life_biomedical
将来は生命科学に関わる仕事がしたいです。,official_program_synthetic,life_biomedical
生命科学部を研究するならどの学科を見ればよいですか。,official_program_synthetic,life_biomedical
生体医工学科が好きですが、文系理系どちらで考えたらよいですか。,official_program_synthetic,life_biomedical
医療を学ぶ学科の雰囲気を知りたいです。,official_program_synthetic,life_biomedical
工学が好きです。大学ではどんな学科につながりますか。,official_program_synthetic,life_biomedical
健康に興味があります。将来の仕事にもつながる学びを知りたいです。,official_program_synthetic,life_biomedical
リハビリを学びたいけれど、どの学部が近いかわかりません。,official_program_synthetic,life_biomedical
高校で医療機器が面白いと思いました。東洋大学だとどこが合いそうですか。,official_program_synthetic,life_biomedical
データを使って社会に役立つことをしたいです。,official_program_synthetic,life_biomedical
生命科学と医療の両方に興味があります。,official_program_synthetic,life_biomedical
将来は生命科学部に関わる仕事がしたいです。,official_program_synthetic,life_biomedical
生体医工学科を研究するならどの学科を見ればよいですか。,official_program_synthetic,life_biomedical
医療が好きですが、文系理系どちらで考えたらよいですか。,official_program_synthetic,life_biomedical
工学を学ぶ学科の雰囲気を知りたいです。,official_program_synthetic,life_biomedical
健康が好きです。大学ではどんな学科につながりますか。,official_program_synthetic,life_biomedical
リハビリに興味があります。将来の仕事にもつながる学びを知りたいです。,official_program_synthetic,life_biomedical
生物資源が好きです。大学ではどんな学科につながりますか。,official_program_synthetic,life_bioresource
植物に興味があります。将来の仕事にもつながる学びを知りたいです。,official_program_synthetic,life_bioresource
微生物を学びたいけれど、どの学部が近いかわかりません。,official_program_synthetic,life_bioresource
高校で農業が面白いと思いました。東洋大学だとどこが合いそうですか。,official_program_synthetic,life_bioresource
環境を使って社会に役立つことをしたいです。,official_program_synthetic,life_bioresource
食品と食の両方に興味があります。,official_program_synthetic,life_bioresource
将来は発酵に関わる仕事がしたいです。,official_program_synthetic,life_bioresource
生命科学を研究するならどの学科を見ればよいですか。,official_program_synthetic,life_bioresource
食が好きですが、文系理系どちらで考えたらよいですか。,official_program_synthetic,life_bioresource
生命科学部を学ぶ学科の雰囲気を知りたいです。,official_program_synthetic,life_bioresource
生物資源学科が好きです。大学ではどんな学科につながりますか。,official_program_synthetic,life_bioresource
生物資源に興味があります。将来の仕事にもつながる学びを知りたいです。,official_program_synthetic,life_bioresource
植物を学びたいけれど、どの学部が近いかわかりません。,official_program_synthetic,life_bioresource
高校で微生物が面白いと思いました。東洋大学だとどこが合いそうですか。,official_program_synthetic,life_bioresource
農業を使って社会に役立つことをしたいです。,official_program_synthetic,life_bioresource
環境と生命科学の両方に興味があります。,official_program_synthetic,life_bioresource
将来は食品に関わる仕事がしたいです。,official_program_synthetic,life_bioresource
発酵を研究するならどの学科を見ればよいですか。,official_program_synthetic,life_bioresource
生命科学が好きですが、文系理系どちらで考えたらよいですか。,official_program_synthetic,life_bioresource
食を学ぶ学科の雰囲気を知りたいです。,official_program_synthetic,life_bioresource
生命科学部が好きです。大学ではどんな学科につながりますか。,official_program_synthetic,life_bioresource
生物資源学科に興味があります。将来の仕事にもつながる学びを知りたいです。,official_program_synthetic,life_bioresource
食が好きです。大学ではどんな学科につながりますか。,official_program_synthetic,food_science
食品に興味があります。将来の仕事にもつながる学びを知りたいです。,official_program_synthetic,food_science
環境を学びたいけれど、どの学部が近いかわかりません。,official_program_synthetic,food_science
高校で栄養が面白いと思いました。東洋大学だとどこが合いそうですか。,official_program_synthetic,food_science
安全を使って社会に役立つことをしたいです。,official_program_synthetic,food_science
科学と食環境科学科の両方に興味があります。,official_program_synthetic,food_science
将来はフードシステムに関わる仕事がしたいです。,official_program_synthetic,food_science
食環境科学部を研究するならどの学科を見ればよいですか。,official_program_synthetic,food_science
食環境科学科が好きですが、文系理系どちらで考えたらよいですか。,official_program_synthetic,food_science
食を学ぶ学科の雰囲気を知りたいです。,official_program_synthetic,food_science
食品が好きです。大学ではどんな学科につながりますか。,official_program_synthetic,food_science
環境に興味があります。将来の仕事にもつながる学びを知りたいです。,official_program_synthetic,food_science
栄養を学びたいけれど、どの学部が近いかわかりません。,official_program_synthetic,food_science
高校で安全が面白いと思いました。東洋大学だとどこが合いそうですか。,official_program_synthetic,food_science
科学を使って社会に役立つことをしたいです。,official_program_synthetic,food_science
フードシステムと食の両方に興味があります。,official_program_synthetic,food_science
将来は食環境科学部に関わる仕事がしたいです。,official_program_synthetic,food_science
食環境科学科を研究するならどの学科を見ればよいですか。,official_program_synthetic,food_science
食が好きですが、文系理系どちらで考えたらよいですか。,official_program_synthetic,food_science
食品を学ぶ学科の雰囲気を知りたいです。,official_program_synthetic,food_science
環境が好きです。大学ではどんな学科につながりますか。,official_program_synthetic,food_science
栄養に興味があります。将来の仕事にもつながる学びを知りたいです。,official_program_synthetic,food_science
食が好きです。大学ではどんな学科につながりますか。,official_program_synthetic,food_data
データサイエンスに興味があります。将来の仕事にもつながる学びを知りたいです。,official_program_synthetic,food_data
AIを学びたいけれど、どの学部が近いかわかりません。,official_program_synthetic,food_data
高校で食品が面白いと思いました。東洋大学だとどこが合いそうですか。,official_program_synthetic,food_data
マーケティングを使って社会に役立つことをしたいです。,official_program_synthetic,food_data
統計とビジネスの両方に興味があります。,official_program_synthetic,food_data
将来は健康に関わる仕事がしたいです。,official_program_synthetic,food_data
データを研究するならどの学科を見ればよいですか。,official_program_synthetic,food_data
ビジネスが好きですが、文系理系どちらで考えたらよいですか。,official_program_synthetic,food_data
食環境科学部を学ぶ学科の雰囲気を知りたいです。,official_program_synthetic,food_data
フードデータサイエンス学科が好きです。大学ではどんな学科につながりますか。,official_program_synthetic,food_data
食に興味があります。将来の仕事にもつながる学びを知りたいです。,official_program_synthetic,food_data
データサイエンスを学びたいけれど、どの学部が近いかわかりません。,official_program_synthetic,food_data
高校でAIが面白いと思いました。東洋大学だとどこが合いそうですか。,official_program_synthetic,food_data
食品を使って社会に役立つことをしたいです。,official_program_synthetic,food_data
マーケティングとデータの両方に興味があります。,official_program_synthetic,food_data
将来は統計に関わる仕事がしたいです。,official_program_synthetic,food_data
健康を研究するならどの学科を見ればよいですか。,official_program_synthetic,food_data
データが好きですが、文系理系どちらで考えたらよいですか。,official_program_synthetic,food_data
ビジネスを学ぶ学科の雰囲気を知りたいです。,official_program_synthetic,food_data
食環境科学部が好きです。大学ではどんな学科につながりますか。,official_program_synthetic,food_data
フードデータサイエンス学科に興味があります。将来の仕事にもつながる学びを知りたいです。,official_program_synthetic,food_data
栄養が好きです。大学ではどんな学科につながりますか。,official_program_synthetic,food_nutrition
管理栄養士に興味があります。将来の仕事にもつながる学びを知りたいです。,official_program_synthetic,food_nutrition
健康を学びたいけれど、どの学部が近いかわかりません。,official_program_synthetic,food_nutrition
高校で食事が面白いと思いました。東洋大学だとどこが合いそうですか。,official_program_synthetic,food_nutrition
医療を使って社会に役立つことをしたいです。,official_program_synthetic,food_nutrition
食品と資格の両方に興味があります。,official_program_synthetic,food_nutrition
将来は予防に関わる仕事がしたいです。,official_program_synthetic,food_nutrition
食を研究するならどの学科を見ればよいですか。,official_program_synthetic,food_nutrition
資格が好きですが、文系理系どちらで考えたらよいですか。,official_program_synthetic,food_nutrition
食環境科学部を学ぶ学科の雰囲気を知りたいです。,official_program_synthetic,food_nutrition
健康栄養学科が好きです。大学ではどんな学科につながりますか。,official_program_synthetic,food_nutrition
栄養に興味があります。将来の仕事にもつながる学びを知りたいです。,official_program_synthetic,food_nutrition
管理栄養士を学びたいけれど、どの学部が近いかわかりません。,official_program_synthetic,food_nutrition
高校で健康が面白いと思いました。東洋大学だとどこが合いそうですか。,official_program_synthetic,food_nutrition
食事を使って社会に役立つことをしたいです。,official_program_synthetic,food_nutrition
医療と食の両方に興味があります。,official_program_synthetic,food_nutrition
将来は食品に関わる仕事がしたいです。,official_program_synthetic,food_nutrition
予防を研究するならどの学科を見ればよいですか。,official_program_synthetic,food_nutrition
食が好きですが、文系理系どちらで考えたらよいですか。,official_program_synthetic,food_nutrition
資格を学ぶ学科の雰囲気を知りたいです。,official_program_synthetic,food_nutrition
食環境科学部が好きです。大学ではどんな学科につながりますか。,official_program_synthetic,food_nutrition
健康栄養学科に興味があります。将来の仕事にもつながる学びを知りたいです。,official_program_synthetic,food_nutrition
高校生です。やりたいことが決まっていませんが、社会の役に立つ学部を探しています。,synthetic_yahoo_style,進路相談
文系か理系か迷っています。データやAIにも興味があります。,synthetic_yahoo_style,進路相談
将来の就職が不安なので、資格につながる学科も知りたいです。,synthetic_yahoo_style,進路相談
英語が好きですが、文学だけでなく国際協力や観光にも興味があります。,synthetic_yahoo_style,進路相談
心理学とメディアとマーケティングで迷っています。,synthetic_yahoo_style,進路相談
スポーツが好きですが、体育の先生以外の進路も知りたいです。,synthetic_yahoo_style,進路相談
食べ物や栄養に興味があります。理系が苦手でも学べますか。,synthetic_yahoo_style,進路相談
建築とまちづくりと福祉のどれが自分に合うかわかりません。,synthetic_yahoo_style,進路相談
法律と経済と経営の違いがよくわかりません。,synthetic_yahoo_style,進路相談
環境問題に興味があります。文系からでも関われますか。,synthetic_yahoo_style,進路相談
社会の役に立つことを大学で学びたいです。,synthetic_yahoo_style,進路相談
高校生です。やりたいことが決まっていませんが、社会の役に立つ学部を探しています。,synthetic_yahoo_style,進路相談
文系か理系か迷っています。データやAIにも興味があります。,synthetic_yahoo_style,進路相談
将来の就職が不安なので、資格につながる学科も知りたいです。,synthetic_yahoo_style,進路相談
英語が好きですが、文学だけでなく国際協力や観光にも興味があります。,synthetic_yahoo_style,進路相談
心理学とメディアとマーケティングで迷っています。,synthetic_yahoo_style,進路相談
スポーツが好きですが、体育の先生以外の進路も知りたいです。,synthetic_yahoo_style,進路相談
食べ物や栄養に興味があります。理系が苦手でも学べますか。,synthetic_yahoo_style,進路相談
建築とまちづくりと福祉のどれが自分に合うかわかりません。,synthetic_yahoo_style,進路相談
法律と経済と経営の違いがよくわかりません。,synthetic_yahoo_style,進路相談
環境問題に興味があります。文系からでも関われますか。,synthetic_yahoo_style,進路相談
社会の役に立つことを大学で学びたいです。,synthetic_yahoo_style,進路相談
高校生です。やりたいことが決まっていませんが、社会の役に立つ学部を探しています。,synthetic_yahoo_style,進路相談
文系か理系か迷っています。データやAIにも興味があります。,synthetic_yahoo_style,進路相談
将来の就職が不安なので、資格につながる学科も知りたいです。,synthetic_yahoo_style,進路相談
英語が好きですが、文学だけでなく国際協力や観光にも興味があります。,synthetic_yahoo_style,進路相談
心理学とメディアとマーケティングで迷っています。,synthetic_yahoo_style,進路相談
スポーツが好きですが、体育の先生以外の進路も知りたいです。,synthetic_yahoo_style,進路相談
食べ物や栄養に興味があります。理系が苦手でも学べますか。,synthetic_yahoo_style,進路相談
建築とまちづくりと福祉のどれが自分に合うかわかりません。,synthetic_yahoo_style,進路相談
法律と経済と経営の違いがよくわかりません。,synthetic_yahoo_style,進路相談
環境問題に興味があります。文系からでも関われますか。,synthetic_yahoo_style,進路相談
